,bid,bid,bid,bid,ask,ask,ask,ask,last,last,last,last,last
,Open,High,Low,Close,Open,High,Low,Close,Open,High,Low,Close,Volume
DateTime,,,,,,,,,,,,,
2020-02-10 05:00:00,1818.0,1819.0,1774.0,1787.0,1821.0,1822.0,1777.0,1790.0,,,,,152294
2020-02-11 05:00:00,1786.0,1814.0,1769.0,1806.0,1789.0,1817.0,1772.0,1809.0,,,,,126146
2020-02-12 05:00:00,1805.0,1869.0,1805.0,1856.0,1808.0,1872.0,1808.0,1859.0,,,,,140713
2020-02-13 05:00:00,1855.0,1881.0,1832.0,1838.0,1858.0,1884.0,1835.0,1841.0,,,,,128652
2020-02-14 05:00:00,1837.0,1864.0,1815.0,1855.0,1840.0,1867.0,1818.0,1858.0,,,,,103945
2020-02-16 05:00:00,1889.0,1914.0,1880.0,1898.0,1892.0,1917.0,1883.0,1901.0,,,,,8069
2020-02-17 05:00:00,1897.0,1942.0,1896.0,1929.0,1900.0,1945.0,1899.0,1932.0,,,,,42063
2020-02-18 05:00:00,1928.0,1974.0,1926.0,1956.0,1931.0,1977.0,1929.0,1959.0,,,,,123307
2020-02-19 05:00:00,1954.0,1976.0,1944.0,1964.0,1957.0,1979.0,1947.0,1967.0,,,,,125985
2020-02-20 05:00:00,1965.0,2023.0,1894.0,1911.0,1968.0,2026.0,1897.0,1914.0,,,,,142224
2020-02-21 05:00:00,1910.0,1927.0,1871.0,1912.0,1913.0,1930.0,1874.0,1915.0,,,,,82538
2020-02-23 05:00:00,1888.0,1889.0,1862.0,1866.0,1891.0,1892.0,1865.0,1869.0,,,,,3591
2020-02-24 05:00:00,1865.0,1875.0,1838.0,1859.0,1868.0,1878.0,1841.0,1862.0,,,,,45683
2020-02-25 05:00:00,1860.0,1877.0,1832.0,1848.0,1863.0,1880.0,1835.0,1851.0,,,,,44633
2020-02-26 05:00:00,1846.0,1885.0,1790.0,1790.0,1849.0,1888.0,1793.0,1793.0,,,,,91542
2020-02-27 05:00:00,1785.0,1804.0,1721.0,1726.0,1788.0,1807.0,1724.0,1729.0,,,,,129238
2020-02-28 05:00:00,1725.0,1731.0,1645.0,1704.0,1728.0,1734.0,1648.0,1707.0,,,,,116166
2020-03-01 05:00:00,1691.0,1755.0,1686.0,1743.0,1694.0,1758.0,1689.0,1746.0,,,,,8931
2020-03-02 05:00:00,1742.0,1800.0,1706.0,1781.0,1745.0,1803.0,1709.0,1784.0,,,,,107345
2020-03-03 05:00:00,1780.0,1846.0,1763.0,1818.0,1783.0,1849.0,1766.0,1821.0,,,,,109635
2020-03-04 05:00:00,1819.0,1852.0,1793.0,1838.0,1822.0,1855.0,1796.0,1841.0,,,,,75126
2020-03-05 05:00:00,1837.0,1856.0,1744.0,1749.0,1840.0,1859.0,1747.0,1752.0,,,,,84206
2020-03-06 05:00:00,1748.0,1773.0,1717.0,1742.0,1751.0,1776.0,1720.0,1745.0,,,,,103258
2020-03-08 05:00:00,1686.0,1687.0,1629.0,1632.0,1689.0,1690.0,1632.0,1635.0,,,,,13834
2020-03-09 04:00:00,1631.0,1871.0,1629.0,1822.0,1634.0,1874.0,1632.0,1825.0,,,,,148437
2020-03-10 04:00:00,1821.0,1976.0,1819.0,1952.0,1824.0,1979.0,1822.0,1955.0,,,,,175026
2020-03-11 04:00:00,1951.0,2019.0,1774.0,1838.0,1954.0,2022.0,1777.0,1841.0,,,,,174446
2020-03-12 04:00:00,1837.0,1900.0,1792.0,1850.0,1840.0,1903.0,1795.0,1853.0,,,,,144933
2020-03-13 04:00:00,1851.0,1968.0,1849.0,1904.0,1854.0,1971.0,1852.0,1907.0,,,,,117203
2020-03-15 04:00:00,1873.0,1873.0,1816.0,1844.0,1876.0,1876.0,1819.0,1847.0,,,,,8995
2020-03-16 04:00:00,1843.0,1873.0,1802.0,1823.0,1846.0,1876.0,1805.0,1826.0,,,,,88414
2020-03-17 04:00:00,1824.0,1846.0,1714.0,1729.0,1827.0,1849.0,1717.0,1732.0,,,,,84476
2020-03-18 04:00:00,1730.0,1735.0,1582.0,1644.0,1733.0,1738.0,1585.0,1647.0,,,,,117286
2020-03-19 04:00:00,1645.0,1716.0,1638.0,1670.0,1648.0,1719.0,1641.0,1673.0,,,,,106470
2020-03-20 04:00:00,1671.0,1754.0,1631.0,1634.0,1674.0,1757.0,1634.0,1637.0,,,,,85544
2020-03-22 04:00:00,1589.0,1601.0,1577.0,1598.0,1592.0,1604.0,1580.0,1601.0,,,,,6838
2020-03-23 04:00:00,1597.0,1692.0,1591.0,1652.0,1600.0,1695.0,1594.0,1655.0,,,,,76085
2020-03-24 04:00:00,1653.0,1751.0,1649.0,1745.0,1656.0,1754.0,1652.0,1748.0,,,,,48402
2020-03-25 04:00:00,1746.0,1776.0,1682.0,1693.0,1749.0,1779.0,1685.0,1696.0,,,,,27163
2020-03-26 04:00:00,1694.0,1740.0,1670.0,1705.0,1697.0,1743.0,1673.0,1708.0,,,,,30802
2020-03-27 04:00:00,1704.0,1709.0,1649.0,1669.0,1707.0,1712.0,1652.0,1679.0,,,,,5234
2020-03-29 05:00:00,1637.0,1641.0,1622.0,1630.0,1640.0,1644.0,1625.0,1633.0,,,,,0
2020-03-30 05:00:00,1631.0,1737.0,1623.0,1724.0,1634.0,1740.0,1626.0,1727.0,,,,,0
2020-03-31 05:00:00,1726.0,1744.0,1652.0,1664.0,1729.0,1747.0,1655.0,1667.0,,,,,0
2020-04-01 05:00:00,1665.0,1695.0,1601.0,1621.0,1668.0,1698.0,1604.0,1624.0,,,,,0
2020-04-02 05:00:00,1622.0,1646.0,1546.0,1595.0,1625.0,1649.0,1549.0,1598.0,,,,,91075
2020-04-03 05:00:00,1594.0,1684.0,1558.0,1681.0,1597.0,1687.0,1561.0,1684.0,,,,,82413
2020-04-05 05:00:00,1688.0,1692.0,1664.0,1673.0,1691.0,1695.0,1667.0,1676.0,,,,,5625
2020-04-06 05:00:00,1674.0,1833.0,1670.0,1802.0,1677.0,1836.0,1673.0,1805.0,,,,,97613
2020-04-07 05:00:00,1801.0,1948.0,1789.0,1916.0,1804.0,1951.0,1792.0,1919.0,,,,,132380
2020-04-08 05:00:00,1915.0,1926.0,1815.0,1852.0,1918.0,1929.0,1818.0,1855.0,,,,,111084
2020-04-09 05:00:00,1851.0,1864.0,1776.0,1801.0,1854.0,1867.0,1779.0,1804.0,,,,,104152
2020-04-12 05:00:00,1814.0,1853.0,1795.0,1843.0,1817.0,1856.0,1798.0,1846.0,,,,,5366
2020-04-13 05:00:00,1842.0,1877.0,1779.0,1820.0,1845.0,1880.0,1782.0,1823.0,,,,,91099
2020-04-14 05:00:00,1819.0,1827.0,1730.0,1749.0,1822.0,1830.0,1733.0,1752.0,,,,,94292
2020-04-15 05:00:00,1750.0,1765.0,1675.0,1689.0,1753.0,1768.0,1678.0,1692.0,,,,,86013
2020-04-16 05:00:00,1690.0,1831.0,1652.0,1806.0,1693.0,1834.0,1655.0,1809.0,,,,,115771
2020-04-17 05:00:00,1805.0,1908.0,1766.0,1861.0,1808.0,1911.0,1769.0,1864.0,,,,,102748
2020-04-19 05:00:00,1890.0,1914.0,1861.0,1865.0,1893.0,1917.0,1864.0,1868.0,,,,,7459
2020-04-20 05:00:00,1866.0,2065.0,1823.0,2040.0,1869.0,2068.0,1826.0,2043.0,,,,,119516
2020-04-21 05:00:00,2039.0,2069.0,1905.0,1935.0,2042.0,2072.0,1908.0,1938.0,,,,,142233
2020-04-22 05:00:00,1934.0,2055.0,1901.0,2020.0,1937.0,2058.0,1904.0,2023.0,,,,,87981
2020-04-23 05:00:00,2021.0,2050.0,1913.0,1951.0,2024.0,2053.0,1916.0,1954.0,,,,,56360
2020-04-24 05:00:00,1952.0,1970.0,1849.0,1858.0,1955.0,1973.0,1852.0,1861.0,,,,,48081
2020-04-26 05:00:00,1860.0,1875.0,1848.0,1855.0,1863.0,1878.0,1851.0,1858.0,,,,,1239
2020-04-27 05:00:00,1854.0,1945.0,1761.0,1919.0,1857.0,1948.0,1764.0,1922.0,,,,,137493
2020-04-28 05:00:00,1920.0,2020.0,1886.0,1974.0,1923.0,2023.0,1889.0,1977.0,,,,,86566
2020-04-29 05:00:00,1975.0,1982.0,1873.0,1891.0,1978.0,1985.0,1876.0,1894.0,,,,,90253
2020-04-30 05:00:00,1892.0,1973.0,1842.0,1961.0,1895.0,1976.0,1845.0,1964.0,,,,,94725
2020-05-01 05:00:00,1962.0,2040.0,1903.0,1915.0,1965.0,2043.0,1906.0,1918.0,,,,,95123
2020-05-03 05:00:00,2020.0,2029.0,1983.0,2007.0,2023.0,2032.0,1986.0,2010.0,,,,,10578
2020-05-04 05:00:00,2006.0,2198.0,1988.0,2163.0,2009.0,2201.0,1991.0,2166.0,,,,,114493
2020-05-05 05:00:00,2164.0,2213.0,2114.0,2118.0,2167.0,2216.0,2117.0,2121.0,,,,,209458
2020-05-06 05:00:00,2117.0,2139.0,2000.0,2017.0,2120.0,2142.0,2003.0,2020.0,,,,,130688
2020-05-07 05:00:00,2018.0,2054.0,1963.0,1988.0,2021.0,2057.0,1966.0,1991.0,,,,,122385
2020-05-08 05:00:00,1987.0,1999.0,1905.0,1918.0,1990.0,2002.0,1908.0,1921.0,,,,,97099
2020-05-10 05:00:00,1949.0,1957.0,1928.0,1946.0,1952.0,1960.0,1931.0,1949.0,,,,,7003
2020-05-11 05:00:00,1947.0,1999.0,1926.0,1943.0,1950.0,2002.0,1929.0,1946.0,,,,,114166
2020-05-12 05:00:00,1942.0,1974.0,1814.0,1836.0,1945.0,1977.0,1817.0,1839.0,,,,,120908
2020-05-13 05:00:00,1835.0,1865.0,1726.0,1761.0,1838.0,1868.0,1729.0,1764.0,,,,,135056
2020-05-14 05:00:00,1762.0,1836.0,1746.0,1808.0,1765.0,1839.0,1749.0,1811.0,,,,,115072
2020-05-15 05:00:00,1807.0,1844.0,1749.0,1754.0,1810.0,1847.0,1752.0,1757.0,,,,,91070
2020-05-17 05:00:00,1851.0,1852.0,1822.0,1834.0,1854.0,1855.0,1825.0,1837.0,,,,,7558
2020-05-18 05:00:00,1833.0,1971.0,1831.0,1905.0,1836.0,1974.0,1834.0,1908.0,,,,,113622
2020-05-19 05:00:00,1906.0,1980.0,1895.0,1926.0,1909.0,1983.0,1898.0,1929.0,,,,,125045
2020-05-20 05:00:00,1927.0,1992.0,1853.0,1859.0,1930.0,1995.0,1856.0,1862.0,,,,,89107
2020-05-21 05:00:00,1860.0,1877.0,1807.0,1820.0,1863.0,1880.0,1810.0,1823.0,,,,,64380
2020-05-22 05:00:00,1819.0,1881.0,1810.0,1868.0,1822.0,1884.0,1813.0,1871.0,,,,,33422
2020-05-24 05:00:00,1879.0,1879.0,1838.0,1855.0,1882.0,1882.0,1841.0,1858.0,,,,,409
2020-05-25 05:00:00,1856.0,1877.0,1834.0,1861.0,1859.0,1880.0,1837.0,1864.0,,,,,23564
2020-05-26 05:00:00,1860.0,1947.0,1847.0,1937.0,1863.0,1950.0,1850.0,1940.0,,,,,88738
2020-05-27 05:00:00,1936.0,1978.0,1858.0,1859.0,1939.0,1981.0,1861.0,1862.0,,,,,90234
2020-05-28 05:00:00,1860.0,1899.0,1818.0,1823.0,1863.0,1902.0,1821.0,1826.0,,,,,82599
2020-05-29 05:00:00,1822.0,1871.0,1772.0,1846.0,1825.0,1874.0,1775.0,1849.0,,,,,104535
2020-05-31 05:00:00,1838.0,1862.0,1798.0,1806.0,1841.0,1865.0,1801.0,1809.0,,,,,8209
2020-06-01 05:00:00,1805.0,1841.0,1759.0,1799.0,1808.0,1844.0,1762.0,1802.0,,,,,122654
2020-06-02 05:00:00,1800.0,1821.0,1778.0,1810.0,1803.0,1824.0,1781.0,1813.0,,,,,79958
2020-06-03 05:00:00,1811.0,1883.0,1805.0,1841.0,1814.0,1886.0,1808.0,1844.0,,,,,95868
2020-06-04 05:00:00,1842.0,1875.0,1821.0,1852.0,1845.0,1878.0,1824.0,1855.0,,,,,66243
2020-06-05 05:00:00,1853.0,1892.0,1811.0,1832.0,1856.0,1895.0,1814.0,1835.0,,,,,97926
2020-06-07 05:00:00,1849.0,1852.0,1792.0,1814.0,1852.0,1855.0,1795.0,1817.0,,,,,7214
2020-06-08 05:00:00,1813.0,1859.0,1792.0,1856.0,1816.0,1862.0,1795.0,1859.0,,,,,95983
2020-06-09 05:00:00,1855.0,1868.0,1719.0,1775.0,1858.0,1871.0,1722.0,1778.0,,,,,106591
2020-06-10 05:00:00,1774.0,1849.0,1768.0,1826.0,1777.0,1852.0,1771.0,1829.0,,,,,93759
2020-06-11 05:00:00,1825.0,1874.0,1811.0,1854.0,1828.0,1877.0,1814.0,1857.0,,,,,105440
2020-06-12 05:00:00,1853.0,1860.0,1773.0,1790.0,1856.0,1863.0,1776.0,1793.0,,,,,78951
2020-06-14 05:00:00,1806.0,1812.0,1790.0,1794.0,1809.0,1815.0,1793.0,1797.0,,,,,3327
2020-06-15 05:00:00,1793.0,1796.0,1720.0,1739.0,1796.0,1799.0,1723.0,1742.0,,,,,101479
2020-06-16 05:00:00,1738.0,1744.0,1661.0,1677.0,1741.0,1747.0,1664.0,1680.0,,,,,93177
2020-06-17 05:00:00,1678.0,1710.0,1663.0,1699.0,1681.0,1713.0,1666.0,1702.0,,,,,81037
2020-06-18 05:00:00,1700.0,1725.0,1678.0,1708.0,1703.0,1728.0,1681.0,1711.0,,,,,71626
2020-06-19 05:00:00,1707.0,1747.0,1705.0,1729.0,1710.0,1750.0,1708.0,1732.0,,,,,69036
2020-06-21 05:00:00,1743.0,1758.0,1738.0,1756.0,1746.0,1761.0,1741.0,1759.0,,,,,2916
2020-06-22 05:00:00,1757.0,1777.0,1707.0,1716.0,1760.0,1780.0,1710.0,1719.0,,,,,63454
2020-06-23 05:00:00,1715.0,1720.0,1660.0,1686.0,1718.0,1723.0,1663.0,1689.0,,,,,47048
2020-06-24 05:00:00,1687.0,1710.0,1644.0,1646.0,1690.0,1713.0,1647.0,1649.0,,,,,28171
2020-06-25 05:00:00,1647.0,1649.0,1517.0,1527.0,1650.0,1652.0,1520.0,1530.0,,,,,135261
2020-06-26 05:00:00,1528.0,1569.0,1517.0,1548.0,1531.0,1572.0,1520.0,1551.0,,,,,68087
2020-06-28 05:00:00,1569.0,1601.0,1563.0,1598.0,1572.0,1604.0,1566.0,1601.0,,,,,1203
2020-06-29 05:00:00,1597.0,1756.0,1594.0,1700.0,1600.0,1759.0,1597.0,1703.0,,,,,44106
2020-06-30 05:00:00,1699.0,1789.0,1693.0,1724.0,1702.0,1792.0,1696.0,1727.0,,,,,44422
2020-07-01 05:00:00,1725.0,1731.0,1662.0,1714.0,1728.0,1734.0,1665.0,1717.0,,,,,40827
2020-07-02 05:00:00,1713.0,1748.0,1682.0,1728.0,1716.0,1751.0,1685.0,1731.0,,,,,29761
2020-07-03 05:00:00,1727.0,1760.0,1727.0,1759.0,1730.0,1763.0,1730.0,1762.0,,,,,2558
2020-07-05 05:00:00,1749.0,1805.0,1748.0,1800.0,1752.0,1808.0,1751.0,1803.0,,,,,1623
2020-07-06 05:00:00,1801.0,1893.0,1792.0,1875.0,1804.0,1896.0,1795.0,1878.0,,,,,50266
2020-07-07 05:00:00,1874.0,1945.0,1861.0,1894.0,1877.0,1948.0,1864.0,1897.0,,,,,41512
2020-07-08 05:00:00,1895.0,1898.0,1831.0,1848.0,1898.0,1901.0,1834.0,1851.0,,,,,52225
2020-07-09 05:00:00,1849.0,1906.0,1772.0,1779.0,1852.0,1909.0,1775.0,1782.0,,,,,49696
2020-07-10 05:00:00,1778.0,1849.0,1758.0,1835.0,1781.0,1852.0,1761.0,1838.0,,,,,46709
2020-07-12 05:00:00,1781.0,1812.0,1779.0,1804.0,1784.0,1815.0,1782.0,1807.0,,,,,831
2020-07-13 05:00:00,1805.0,1834.0,1740.0,1747.0,1808.0,1837.0,1743.0,1750.0,,,,,93503
2020-07-14 05:00:00,1746.0,1793.0,1742.0,1783.0,1749.0,1796.0,1745.0,1786.0,,,,,82571
2020-07-15 05:00:00,1784.0,1814.0,1751.0,1808.0,1787.0,1817.0,1754.0,1811.0,,,,,57670
2020-07-16 05:00:00,1807.0,1829.0,1736.0,1753.0,1810.0,1832.0,1739.0,1756.0,,,,,74985
2020-07-17 05:00:00,1754.0,1778.0,1724.0,1736.0,1757.0,1781.0,1727.0,1739.0,,,,,67846
2020-07-19 05:00:00,1731.0,1733.0,1719.0,1725.0,1734.0,1736.0,1722.0,1728.0,,,,,3857
2020-07-20 05:00:00,1726.0,1734.0,1635.0,1677.0,1729.0,1737.0,1638.0,1680.0,,,,,93658
2020-07-21 05:00:00,1676.0,1709.0,1650.0,1699.0,1679.0,1712.0,1653.0,1702.0,,,,,80422
2020-07-22 05:00:00,1698.0,1727.0,1652.0,1723.0,1701.0,1730.0,1655.0,1726.0,,,,,69166
2020-07-23 05:00:00,1724.0,1842.0,1709.0,1812.0,1727.0,1845.0,1712.0,1815.0,,,,,70354
2020-07-24 05:00:00,1811.0,1861.0,1786.0,1847.0,1814.0,1864.0,1789.0,1850.0,,,,,44610
2020-07-26 05:00:00,1846.0,1846.0,1822.0,1837.0,1849.0,1849.0,1825.0,1840.0,,,,,1328
2020-07-27 05:00:00,1838.0,1855.0,1764.0,1781.0,1841.0,1858.0,1767.0,1784.0,,,,,24235
2020-07-28 05:00:00,1782.0,1865.0,1778.0,1842.0,1785.0,1868.0,1781.0,1845.0,,,,,23931
2020-07-29 05:00:00,1843.0,1940.0,1828.0,1922.0,1846.0,1943.0,1831.0,1925.0,,,,,92898
2020-07-30 05:00:00,1921.0,1923.0,1826.0,1854.0,1924.0,1926.0,1829.0,1857.0,,,,,87316
2020-07-31 05:00:00,1853.0,1875.0,1795.0,1831.0,1856.0,1878.0,1798.0,1834.0,,,,,62441
2020-08-02 05:00:00,1899.0,1905.0,1877.0,1888.0,1902.0,1908.0,1880.0,1891.0,,,,,5529
2020-08-03 05:00:00,1889.0,2190.0,1886.0,2139.0,1892.0,2193.0,1889.0,2142.0,,,,,180063
2020-08-04 05:00:00,2138.0,2229.0,2087.0,2212.0,2141.0,2232.0,2090.0,2215.0,,,,,120668
2020-08-05 05:00:00,2211.0,2294.0,2198.0,2254.0,2214.0,2297.0,2201.0,2257.0,,,,,101795
2020-08-06 05:00:00,2255.0,2322.0,2177.0,2200.0,2258.0,2325.0,2180.0,2203.0,,,,,90594
2020-08-07 05:00:00,2199.0,2298.0,2184.0,2296.0,2202.0,2301.0,2187.0,2299.0,,,,,103761
2020-08-09 05:00:00,2314.0,2314.0,2281.0,2305.0,2317.0,2317.0,2284.0,2308.0,,,,,4084
2020-08-10 05:00:00,2304.0,2328.0,2176.0,2236.0,2307.0,2331.0,2179.0,2239.0,,,,,102734
2020-08-11 05:00:00,2235.0,2288.0,2202.0,2209.0,2238.0,2291.0,2205.0,2212.0,,,,,87938
2020-08-12 05:00:00,2208.0,2267.0,2156.0,2249.0,2211.0,2270.0,2159.0,2252.0,,,,,88607
2020-08-13 05:00:00,2248.0,2278.0,2214.0,2262.0,2251.0,2281.0,2217.0,2265.0,,,,,85107
2020-08-14 05:00:00,2263.0,2455.0,2250.0,2418.0,2266.0,2458.0,2253.0,2421.0,,,,,115992
2020-08-16 05:00:00,2475.0,2475.0,2446.0,2460.0,2478.0,2478.0,2449.0,2463.0,,,,,4638
2020-08-17 05:00:00,2459.0,2476.0,2394.0,2414.0,2462.0,2479.0,2397.0,2417.0,,,,,72513
2020-08-18 05:00:00,2415.0,2558.0,2414.0,2527.0,2418.0,2561.0,2417.0,2530.0,,,,,74779
2020-08-19 05:00:00,2528.0,2556.0,2478.0,2527.0,2531.0,2559.0,2481.0,2530.0,,,,,63661
2020-08-20 05:00:00,2526.0,2543.0,2459.0,2469.0,2529.0,2546.0,2462.0,2472.0,,,,,75739
2020-08-21 05:00:00,2470.0,2565.0,2396.0,2538.0,2473.0,2568.0,2399.0,2541.0,,,,,77232
2020-08-23 05:00:00,2567.0,2567.0,2502.0,2519.0,2570.0,2570.0,2505.0,2522.0,,,,,3350
2020-08-24 05:00:00,2520.0,2647.0,2518.0,2618.0,2523.0,2650.0,2521.0,2621.0,,,,,57506
2020-08-25 05:00:00,2619.0,2641.0,2560.0,2577.0,2622.0,2644.0,2563.0,2580.0,,,,,32013
2020-08-26 05:00:00,2578.0,2647.0,2493.0,2522.0,2581.0,2650.0,2496.0,2525.0,,,,,147918
2020-08-27 05:00:00,2521.0,2750.0,2517.0,2730.0,2524.0,2753.0,2520.0,2733.0,,,,,111952
2020-08-28 05:00:00,2728.0,2744.0,2634.0,2668.0,2731.0,2747.0,2637.0,2671.0,,,,,78962
2020-08-30 05:00:00,2658.0,2679.0,2658.0,2668.0,2661.0,2682.0,2661.0,2671.0,,,,,2786
2020-08-31 05:00:00,2667.0,2708.0,2541.0,2698.0,2670.0,2711.0,2544.0,2701.0,,,,,105608
2020-09-01 05:00:00,2699.0,2721.0,2566.0,2593.0,2702.0,2724.0,2569.0,2596.0,,,,,118889
2020-09-02 05:00:00,2592.0,2660.0,2502.0,2591.0,2595.0,2663.0,2505.0,2594.0,,,,,132412
2020-09-03 05:00:00,2590.0,2658.0,2558.0,2593.0,2593.0,2661.0,2561.0,2596.0,,,,,86279
2020-09-04 05:00:00,2594.0,2712.0,2552.0,2690.0,2597.0,2715.0,2555.0,2693.0,,,,,87544
2020-09-06 05:00:00,2712.0,2716.0,2688.0,2697.0,2715.0,2719.0,2691.0,2700.0,,,,,2669
2020-09-07 05:00:00,2698.0,2711.0,2648.0,2705.0,2701.0,2714.0,2651.0,2708.0,,,,,20293
2020-09-08 05:00:00,2706.0,2729.0,2554.0,2576.0,2709.0,2732.0,2557.0,2579.0,,,,,96600
2020-09-09 05:00:00,2575.0,2667.0,2544.0,2606.0,2578.0,2670.0,2547.0,2609.0,,,,,106291
2020-09-10 05:00:00,2605.0,2610.0,2528.0,2531.0,2608.0,2613.0,2531.0,2534.0,,,,,78511
2020-09-11 05:00:00,2532.0,2561.0,2482.0,2485.0,2535.0,2564.0,2485.0,2488.0,,,,,66947
2020-09-13 05:00:00,2558.0,2600.0,2546.0,2597.0,2561.0,2603.0,2549.0,2600.0,,,,,5590
2020-09-14 05:00:00,2596.0,2649.0,2533.0,2544.0,2599.0,2652.0,2536.0,2547.0,,,,,81290
2020-09-15 05:00:00,2543.0,2617.0,2533.0,2605.0,2546.0,2620.0,2536.0,2608.0,,,,,64548
2020-09-16 05:00:00,2606.0,2633.0,2498.0,2510.0,2609.0,2636.0,2501.0,2513.0,,,,,72898
2020-09-17 05:00:00,2511.0,2533.0,2334.0,2377.0,2514.0,2536.0,2337.0,2380.0,,,,,135686
2020-09-18 05:00:00,2375.0,2485.0,2358.0,2463.0,2378.0,2488.0,2361.0,2466.0,,,,,84640
2020-09-20 05:00:00,2453.0,2499.0,2453.0,2486.0,2456.0,2502.0,2456.0,2489.0,,,,,4424
2020-09-21 05:00:00,2485.0,2577.0,2436.0,2539.0,2488.0,2580.0,2439.0,2542.0,,,,,130880
2020-09-22 05:00:00,2540.0,2553.0,2429.0,2442.0,2543.0,2556.0,2432.0,2445.0,,,,,63036
2020-09-23 05:00:00,2441.0,2755.0,2415.0,2751.0,2444.0,2758.0,2418.0,2754.0,,,,,61235
2020-09-24 05:00:00,2752.0,2860.0,2712.0,2799.0,2755.0,2863.0,2715.0,2802.0,,,,,81208
2020-09-25 05:00:00,2798.0,2861.0,2745.0,2757.0,2801.0,2864.0,2748.0,2760.0,,,,,70218
2020-09-27 05:00:00,2780.0,2823.0,2772.0,2801.0,2785.0,2826.0,2775.0,2804.0,,,,,3764
2020-09-28 05:00:00,2800.0,2821.0,2713.0,2781.0,2803.0,2824.0,2716.0,2784.0,,,,,64090
2020-09-29 05:00:00,2782.0,2800.0,2514.0,2528.0,2785.0,2803.0,2517.0,2531.0,,,,,100414
2020-09-30 05:00:00,2529.0,2629.0,2479.0,2623.0,2532.0,2632.0,2482.0,2626.0,,,,,84100
2020-10-01 05:00:00,2622.0,2659.0,2517.0,2561.0,2625.0,2662.0,2520.0,2564.0,,,,,84019
2020-10-02 05:00:00,2562.0,2625.0,2455.0,2528.0,2565.0,2628.0,2458.0,2531.0,,,,,88265
2020-10-04 05:00:00,2576.0,2696.0,2571.0,2668.0,2579.0,2699.0,2574.0,2671.0,,,,,5759
2020-10-05 05:00:00,2667.0,2850.0,2640.0,2779.0,2670.0,2853.0,2643.0,2782.0,,,,,98700
2020-10-06 05:00:00,2780.0,2849.0,2666.0,2699.0,2783.0,2852.0,2669.0,2702.0,,,,,85682
2020-10-07 05:00:00,2698.0,2853.0,2689.0,2767.0,2701.0,2856.0,2692.0,2770.0,,,,,109919
2020-10-08 05:00:00,2766.0,2835.0,2708.0,2828.0,2769.0,2838.0,2711.0,2831.0,,,,,100188
2020-10-09 05:00:00,2827.0,2990.0,2824.0,2944.0,2830.0,2993.0,2827.0,2947.0,,,,,101687
2020-10-11 05:00:00,3079.0,3125.0,3069.0,3095.0,3082.0,3128.0,3072.0,3098.0,,,,,10897
2020-10-12 05:00:00,3096.0,3118.0,3014.0,3034.0,3099.0,3121.0,3017.0,3037.0,,,,,86259
2020-10-13 05:00:00,3033.0,3082.0,2959.0,2986.0,3036.0,3085.0,2962.0,2989.0,,,,,98559
2020-10-14 05:00:00,2985.0,3000.0,2907.0,2984.0,2988.0,3003.0,2910.0,2987.0,,,,,96981
2020-10-15 05:00:00,2983.0,3098.0,2983.0,3059.0,2986.0,3101.0,2986.0,3062.0,,,,,85738
2020-10-16 05:00:00,3058.0,3140.0,3023.0,3041.0,3061.0,3143.0,3026.0,3044.0,,,,,140797
2020-10-18 05:00:00,3046.0,3091.0,3036.0,3080.0,3049.0,3094.0,3039.0,3083.0,,,,,6705
2020-10-19 05:00:00,3079.0,3193.0,3060.0,3176.0,3082.0,3196.0,3063.0,3179.0,,,,,81857
2020-10-20 05:00:00,3175.0,3237.0,3158.0,3191.0,3178.0,3240.0,3161.0,3194.0,,,,,73218
2020-10-21 05:00:00,3193.0,3294.0,3192.0,3264.0,3196.0,3297.0,3195.0,3267.0,,,,,87990
2020-10-22 05:00:00,3263.0,3300.0,3196.0,3203.0,3266.0,3303.0,3199.0,3206.0,,,,,58440
2020-10-23 05:00:00,3202.0,3235.0,3132.0,3138.0,3205.0,3238.0,3135.0,3141.0,,,,,48193
2020-10-25 04:00:00,3159.0,3210.0,3141.0,3197.0,3162.0,3213.0,3144.0,3200.0,,,,,1614
2020-10-26 04:00:00,3198.0,3280.0,3192.0,3245.0,3201.0,3283.0,3195.0,3248.0,,,,,1262930
2020-10-27 04:00:00,3246.0,3333.0,3175.0,3298.0,3249.0,3336.0,3178.0,3301.0,,,,,258570
2020-10-28 04:00:00,3299.0,3324.0,3266.0,3296.0,3302.0,3327.0,3269.0,3299.0,,,,,62964
2020-10-29 04:00:00,3297.0,3351.0,3157.0,3340.0,3300.0,3354.0,3160.0,3343.0,,,,,96833
2020-10-30 04:00:00,3339.0,3405.0,3266.0,3399.0,3342.0,3408.0,3269.0,3402.0,,,,,80947
2020-11-01 04:00:00,3385.0,3389.0,3375.0,3382.0,3388.0,3392.0,3378.0,3385.0,,,,,1267
2020-11-02 05:00:00,3381.0,3383.0,3229.0,3234.0,3384.0,3386.0,3232.0,3237.0,,,,,75664
2020-11-03 05:00:00,3235.0,3235.0,3073.0,3108.0,3238.0,3238.0,3076.0,3111.0,,,,,89453
2020-11-04 05:00:00,3107.0,3125.0,3040.0,3100.0,3110.0,3128.0,3043.0,3103.0,,,,,71789
2020-11-05 05:00:00,3101.0,3151.0,2970.0,2977.0,3104.0,3154.0,2973.0,2980.0,,,,,85807
2020-11-06 05:00:00,2975.0,3017.0,2915.0,2942.0,2978.0,3020.0,2918.0,2945.0,,,,,85140
2020-11-08 05:00:00,2908.0,2925.0,2894.0,2915.0,2911.0,2928.0,2897.0,2918.0,,,,,3378
2020-11-09 05:00:00,2916.0,2989.0,2901.0,2965.0,2919.0,2992.0,2904.0,2968.0,,,,,66303
2020-11-10 05:00:00,2966.0,3068.0,2920.0,3035.0,2969.0,3071.0,2923.0,3038.0,,,,,79244
2020-11-11 05:00:00,3036.0,3116.0,2983.0,3110.0,3039.0,3119.0,2986.0,3113.0,,,,,71489
2020-11-12 05:00:00,3111.0,3125.0,3011.0,3029.0,3114.0,3128.0,3014.0,3032.0,,,,,65222
2020-11-13 05:00:00,3030.0,3155.0,3025.0,3047.0,3033.0,3158.0,3028.0,3050.0,,,,,66164
2020-11-15 05:00:00,2961.0,2977.0,2948.0,2953.0,2964.0,2980.0,2951.0,2956.0,,,,,7193
2020-11-16 05:00:00,2954.0,2971.0,2793.0,2806.0,2957.0,2974.0,2796.0,2809.0,,,,,94121
2020-11-17 05:00:00,2807.0,2846.0,2766.0,2804.0,2810.0,2849.0,2769.0,2807.0,,,,,62801
2020-11-18 05:00:00,2805.0,2882.0,2791.0,2834.0,2808.0,2885.0,2794.0,2837.0,,,,,71151
2020-11-19 05:00:00,2832.0,2835.0,2630.0,2726.0,2835.0,2838.0,2633.0,2729.0,,,,,88465
2020-11-20 05:00:00,2727.0,2786.0,2692.0,2762.0,2730.0,2789.0,2695.0,2765.0,,,,,45314
2020-11-22 05:00:00,2813.0,2814.0,2785.0,2796.0,2816.0,2817.0,2788.0,2799.0,,,,,4522
2020-11-23 05:00:00,2795.0,2833.0,2750.0,2813.0,2798.0,2836.0,2753.0,2816.0,,,,,86671
2020-11-24 05:00:00,2814.0,2914.0,2796.0,2881.0,2817.0,2917.0,2799.0,2884.0,,,,,223222
2020-11-25 05:00:00,2880.0,2999.0,2837.0,2931.0,2883.0,3002.0,2840.0,2934.0,,,,,58547
2020-11-26 05:00:00,2930.0,2959.0,2903.0,2944.0,2933.0,2962.0,2906.0,2947.0,,,,,12933
2020-11-27 05:00:00,2943.0,2956.0,2826.0,2847.0,2946.0,2959.0,2829.0,2850.0,,,,,38778
2020-11-29 05:00:00,2830.0,2892.0,2823.0,2869.0,2833.0,2895.0,2826.0,2872.0,,,,,5150
2020-11-30 05:00:00,2868.0,2991.0,2858.0,2955.0,2871.0,2994.0,2861.0,2958.0,,,,,69670
2020-12-01 05:00:00,2954.0,2961.0,2829.0,2858.0,2957.0,2964.0,2832.0,2861.0,,,,,71733
2020-12-02 05:00:00,2859.0,2928.0,2729.0,2741.0,2862.0,2931.0,2732.0,2744.0,,,,,73891
2020-12-03 05:00:00,2742.0,2750.0,2483.0,2513.0,2745.0,2753.0,2486.0,2516.0,,,,,124066
2020-12-04 05:00:00,2512.0,2624.0,2463.0,2554.0,2515.0,2627.0,2466.0,2557.0,,,,,73393
2020-12-06 05:00:00,2469.0,2485.0,2452.0,2471.0,2472.0,2488.0,2455.0,2474.0,,,,,9988
2020-12-07 05:00:00,2472.0,2476.0,2389.0,2464.0,2475.0,2479.0,2392.0,2467.0,,,,,99191
2020-12-08 05:00:00,2463.0,2486.0,2377.0,2461.0,2466.0,2489.0,2380.0,2464.0,,,,,87190
2020-12-09 05:00:00,2460.0,2527.0,2420.0,2421.0,2463.0,2530.0,2423.0,2424.0,,,,,87901
2020-12-10 05:00:00,2420.0,2598.0,2391.0,2564.0,2423.0,2601.0,2394.0,2567.0,,,,,98383
2020-12-11 05:00:00,2563.0,2631.0,2532.0,2600.0,2566.0,2634.0,2535.0,2603.0,,,,,87032
2020-12-13 05:00:00,2663.0,2677.0,2651.0,2675.0,2666.0,2680.0,2654.0,2678.0,,,,,5110
2020-12-14 05:00:00,2674.0,2707.0,2612.0,2683.0,2677.0,2710.0,2615.0,2686.0,,,,,75206
2020-12-15 05:00:00,2682.0,2693.0,2595.0,2666.0,2685.0,2696.0,2598.0,2669.0,,,,,69702
2020-12-16 05:00:00,2665.0,2712.0,2618.0,2707.0,2668.0,2715.0,2621.0,2710.0,,,,,66551
2020-12-17 05:00:00,2708.0,2722.0,2606.0,2659.0,2711.0,2725.0,2609.0,2662.0,,,,,77035
2020-12-18 05:00:00,2658.0,2712.0,2644.0,2694.0,2661.0,2715.0,2647.0,2697.0,,,,,63220
2020-12-20 05:00:00,2711.0,2712.0,2681.0,2685.0,2714.0,2715.0,2684.0,2688.0,,,,,2892
2020-12-21 05:00:00,2684.0,2703.0,2627.0,2690.0,2687.0,2706.0,2630.0,2693.0,,,,,56552
2020-12-22 05:00:00,2691.0,2779.0,2675.0,2758.0,2694.0,2782.0,2678.0,2761.0,,,,,58973
2020-12-23 05:00:00,2757.0,2768.0,2554.0,2575.0,2760.0,2771.0,2557.0,2578.0,,,,,55226
2020-12-24 05:00:00,2574.0,2616.0,2507.0,2524.0,2577.0,2619.0,2510.0,2529.0,,,,,66561
2020-12-27 05:00:00,2328.0,2343.0,2279.0,2319.0,2331.0,2346.0,2282.0,2322.0,,,,,54570
2020-12-28 05:00:00,2318.0,2365.0,2263.0,2340.0,2321.0,2368.0,2266.0,2343.0,,,,,151210
2020-12-29 05:00:00,2341.0,2484.0,2304.0,2409.0,2344.0,2487.0,2307.0,2412.0,,,,,69730
2020-12-30 05:00:00,2410.0,2470.0,2386.0,2433.0,2413.0,2473.0,2389.0,2436.0,,,,,42987
2020-12-31 05:00:00,2434.0,2545.0,2429.0,2542.0,2437.0,2548.0,2432.0,2545.0,,,,,52697
2021-01-03 05:00:00,2625.0,2638.0,2609.0,2629.0,2628.0,2641.0,2612.0,2632.0,,,,,5928
2021-01-04 05:00:00,2630.0,2662.0,2562.0,2613.0,2633.0,2665.0,2565.0,2616.0,,,,,57135
2021-01-05 05:00:00,2614.0,2721.0,2613.0,2664.0,2617.0,2724.0,2616.0,2667.0,,,,,71102
2021-01-06 05:00:00,2665.0,2757.0,2600.0,2714.0,2668.0,2760.0,2603.0,2717.0,,,,,68901
2021-01-07 05:00:00,2713.0,2741.0,2653.0,2678.0,2716.0,2744.0,2656.0,2681.0,,,,,66281
2021-01-08 05:00:00,2679.0,2711.0,2618.0,2682.0,2682.0,2714.0,2621.0,2685.0,,,,,68931
2021-01-10 05:00:00,2601.0,2626.0,2592.0,2615.0,2604.0,2629.0,2595.0,2618.0,,,,,3972
2021-01-11 05:00:00,2616.0,2791.0,2575.0,2778.0,2619.0,2794.0,2578.0,2781.0,,,,,78377
2021-01-12 05:00:00,2779.0,2865.0,2693.0,2713.0,2782.0,2868.0,2696.0,2716.0,,,,,94529
2021-01-13 05:00:00,2712.0,2796.0,2687.0,2732.0,2715.0,2799.0,2690.0,2735.0,,,,,78045
2021-01-14 05:00:00,2731.0,2761.0,2629.0,2647.0,2734.0,2764.0,2632.0,2650.0,,,,,77465
2021-01-15 05:00:00,2648.0,2766.0,2618.0,2723.0,2651.0,2769.0,2621.0,2726.0,,,,,68214
2021-01-17 05:00:00,2624.0,2636.0,2617.0,2627.0,2627.0,2639.0,2620.0,2630.0,,,,,5851
2021-01-18 05:00:00,2626.0,2647.0,2565.0,2632.0,2629.0,2650.0,2568.0,2635.0,,,,,32594
2021-01-19 05:00:00,2633.0,2648.0,2510.0,2544.0,2636.0,2651.0,2513.0,2547.0,,,,,76655
2021-01-20 05:00:00,2545.0,2554.0,2458.0,2534.0,2548.0,2557.0,2461.0,2537.0,,,,,66054
2021-01-21 05:00:00,2533.0,2537.0,2461.0,2489.0,2536.0,2540.0,2464.0,2492.0,,,,,51143
2021-01-22 05:00:00,2490.0,2490.0,2424.0,2455.0,2493.0,2493.0,2427.0,2458.0,,,,,36996
2021-01-24 05:00:00,2533.0,2534.0,2514.0,2520.0,2536.0,2537.0,2517.0,2523.0,,,,,5083
2021-01-25 05:00:00,2521.0,2607.0,2496.0,2598.0,2524.0,2610.0,2499.0,2601.0,,,,,60341
2021-01-26 05:00:00,2599.0,2659.0,2589.0,2623.0,2602.0,2662.0,2592.0,2626.0,,,,,84288
2021-01-27 05:00:00,2622.0,2739.0,2620.0,2688.0,2625.0,2742.0,2623.0,2691.0,,,,,72558
2021-01-28 05:00:00,2689.0,2700.0,2593.0,2685.0,2692.0,2703.0,2596.0,2688.0,,,,,71210
2021-01-29 05:00:00,2686.0,2708.0,2555.0,2557.0,2689.0,2711.0,2558.0,2560.0,,,,,57992
2021-01-31 05:00:00,2730.0,2748.0,2713.0,2725.0,2733.0,2751.0,2716.0,2728.0,,,,,5553
2021-02-01 05:00:00,2724.0,2860.0,2713.0,2838.0,2727.0,2863.0,2716.0,2841.0,,,,,98319
2021-02-02 05:00:00,2840.0,2987.0,2797.0,2808.0,2843.0,2990.0,2800.0,2811.0,,,,,98733
2021-02-03 05:00:00,2810.0,2879.0,2744.0,2770.0,2813.0,2882.0,2747.0,2773.0,,,,,74245
2021-02-04 05:00:00,2771.0,2960.0,2732.0,2956.0,2774.0,2963.0,2735.0,2959.0,,,,,78870
2021-02-05 05:00:00,2955.0,3029.0,2841.0,2869.0,2958.0,3032.0,2844.0,2872.0,,,,,107233
2021-02-07 05:00:00,2901.0,2913.0,2873.0,2911.0,2904.0,2916.0,2876.0,2914.0,,,,,3778
2021-02-08 05:00:00,2910.0,2964.0,2833.0,2892.0,2913.0,2967.0,2836.0,2895.0,,,,,83722
2021-02-09 05:00:00,2891.0,2891.0,2781.0,2792.0,2894.0,2894.0,2784.0,2795.0,,,,,80784
2021-02-10 05:00:00,2793.0,2958.0,2748.0,2947.0,2796.0,2961.0,2751.0,2950.0,,,,,108779
2021-02-11 05:00:00,2948.0,2994.0,2823.0,2843.0,2951.0,2997.0,2826.0,2846.0,,,,,107160
2021-02-12 05:00:00,2844.0,2945.0,2817.0,2876.0,2847.0,2948.0,2820.0,2879.0,,,,,86993
2021-02-14 05:00:00,2985.0,2992.0,2959.0,2990.0,2988.0,2995.0,2962.0,2993.0,,,,,8217
2021-02-15 05:00:00,2989.0,3022.0,2925.0,2995.0,2992.0,3025.0,2928.0,2998.0,,,,,28116
2021-02-16 05:00:00,2996.0,3069.0,2938.0,2986.0,2999.0,3072.0,2941.0,2989.0,,,,,98730
2021-02-17 05:00:00,2985.0,3096.0,2968.0,3090.0,2988.0,3099.0,2971.0,3093.0,,,,,95575
2021-02-18 05:00:00,3089.0,3095.0,2921.0,2943.0,3092.0,3098.0,2924.0,2946.0,,,,,80152
2021-02-19 05:00:00,2944.0,3040.0,2942.0,2994.0,2947.0,3043.0,2945.0,2997.0,,,,,36044
2021-02-21 05:00:00,2948.0,2965.0,2940.0,2943.0,2951.0,2968.0,2943.0,2946.0,,,,,9493
2021-02-22 05:00:00,2944.0,2956.0,2868.0,2911.0,2947.0,2959.0,2871.0,2914.0,,,,,60753
2021-02-23 05:00:00,2912.0,2931.0,2830.0,2832.0,2915.0,2934.0,2833.0,2835.0,,,,,57328
2021-02-24 05:00:00,2831.0,2856.0,2790.0,2793.0,2834.0,2859.0,2793.0,2796.0,,,,,52875
2021-02-25 05:00:00,2792.0,2854.0,2750.0,2759.0,2795.0,2857.0,2753.0,2762.0,,,,,61536
2021-02-26 05:00:00,2758.0,2787.0,2699.0,2775.0,2761.0,2790.0,2702.0,2778.0,,,,,57270
2021-02-28 05:00:00,2793.0,2812.0,2789.0,2796.0,2796.0,2815.0,2792.0,2799.0,,,,,2870
2021-03-01 05:00:00,2795.0,2807.0,2730.0,2774.0,2798.0,2810.0,2733.0,2777.0,,,,,36843
2021-03-02 05:00:00,2773.0,2862.0,2764.0,2843.0,2776.0,2865.0,2767.0,2846.0,,,,,50762
2021-03-03 05:00:00,2844.0,2891.0,2804.0,2810.0,2847.0,2894.0,2807.0,2813.0,,,,,47320
2021-03-04 05:00:00,2809.0,2832.0,2699.0,2729.0,2812.0,2835.0,2702.0,2732.0,,,,,60542
2021-03-05 05:00:00,2730.0,2762.0,2692.0,2707.0,2733.0,2765.0,2695.0,2710.0,,,,,52355
2021-03-07 05:00:00,2699.0,2724.0,2699.0,2718.0,2702.0,2727.0,2702.0,2721.0,,,,,2168
2021-03-08 05:00:00,2719.0,2746.0,2638.0,2663.0,2722.0,2749.0,2641.0,2666.0,,,,,59010
2021-03-09 05:00:00,2662.0,2703.0,2637.0,2655.0,2665.0,2706.0,2640.0,2658.0,,,,,45175
2021-03-10 05:00:00,2656.0,2722.0,2630.0,2700.0,2659.0,2725.0,2633.0,2703.0,,,,,43686
2021-03-11 05:00:00,2701.0,2729.0,2655.0,2685.0,2704.0,2732.0,2658.0,2688.0,,,,,52735
2021-03-12 05:00:00,2686.0,2709.0,2600.0,2614.0,2689.0,2712.0,2603.0,2617.0,,,,,47022
2021-03-14 05:00:00,2570.0,2583.0,2559.0,2582.0,2573.0,2586.0,2562.0,2585.0,,,,,3920
2021-03-15 04:00:00,2583.0,2583.0,2500.0,2513.0,2586.0,2586.0,2503.0,2516.0,,,,,62272
2021-03-16 04:00:00,2512.0,2585.0,2505.0,2579.0,2515.0,2588.0,2508.0,2582.0,,,,,45562
2021-03-17 04:00:00,2578.0,2583.0,2512.0,2529.0,2581.0,2586.0,2515.0,2532.0,,,,,44808
2021-03-18 04:00:00,2530.0,2542.0,2446.0,2509.0,2533.0,2545.0,2449.0,2512.0,,,,,62386
2021-03-19 04:00:00,2508.0,2574.0,2479.0,2568.0,2511.0,2577.0,2482.0,2571.0,,,,,36445
2021-03-21 04:00:00,2528.0,2547.0,2518.0,2520.0,2531.0,2550.0,2521.0,2523.0,,,,,2400
2021-03-22 04:00:00,2519.0,2619.0,2507.0,2597.0,2522.0,2622.0,2510.0,2600.0,,,,,49883
2021-03-23 04:00:00,2598.0,2605.0,2542.0,2545.0,2601.0,2608.0,2545.0,2548.0,,,,,45272
2021-03-24 04:00:00,2544.0,2585.0,2526.0,2546.0,2547.0,2588.0,2529.0,2549.0,,,,,25940
2021-03-25 04:00:00,2545.0,2623.0,2521.0,2610.0,2548.0,2626.0,2524.0,2613.0,,,,,55509
2021-03-26 04:00:00,2609.0,2635.0,2598.0,2618.0,2612.0,2638.0,2601.0,2621.0,,,,,20123
2021-03-28 05:00:00,2625.0,2642.0,2620.0,2633.0,2628.0,2645.0,2623.0,2636.0,,,,,1990
2021-03-29 05:00:00,2632.0,2656.0,2583.0,2648.0,2635.0,2659.0,2586.0,2651.0,,,,,48842
2021-03-30 05:00:00,2650.0,2689.0,2599.0,2630.0,2653.0,2692.0,2602.0,2633.0,,,,,45813
2021-03-31 05:00:00,2631.0,2659.0,2579.0,2608.0,2634.0,2662.0,2582.0,2611.0,,,,,44325
2021-04-01 05:00:00,2607.0,2667.0,2584.0,2633.0,2610.0,2670.0,2587.0,2636.0,,,,,49592
2021-04-04 05:00:00,2608.0,2627.0,2608.0,2619.0,2611.0,2630.0,2611.0,2622.0,,,,,2053
2021-04-05 05:00:00,2618.0,2619.0,2505.0,2539.0,2621.0,2622.0,2508.0,2542.0,,,,,64470
2021-04-06 05:00:00,2540.0,2586.0,2476.0,2485.0,2543.0,2589.0,2479.0,2488.0,,,,,67498
2021-04-07 05:00:00,2484.0,2568.0,2482.0,2531.0,2487.0,2571.0,2485.0,2534.0,,,,,58823
2021-04-08 05:00:00,2530.0,2562.0,2507.0,2550.0,2533.0,2565.0,2510.0,2553.0,,,,,58728
2021-04-09 05:00:00,2549.0,2580.0,2534.0,2551.0,2552.0,2583.0,2537.0,2554.0,,,,,51913
2021-04-11 05:00:00,2576.0,2600.0,2572.0,2598.0,2579.0,2603.0,2575.0,2601.0,,,,,2980
2021-04-12 05:00:00,2596.0,2637.0,2569.0,2593.0,2599.0,2640.0,2572.0,2596.0,,,,,61354
2021-04-13 05:00:00,2592.0,2675.0,2572.0,2662.0,2595.0,2678.0,2575.0,2665.0,,,,,64174
2021-04-14 05:00:00,2663.0,2703.0,2649.0,2659.0,2666.0,2706.0,2652.0,2662.0,,,,,55692
2021-04-15 05:00:00,2658.0,2720.0,2627.0,2702.0,2661.0,2723.0,2630.0,2705.0,,,,,59948
2021-04-16 05:00:00,2703.0,2738.0,2700.0,2729.0,2706.0,2741.0,2703.0,2732.0,,,,,43696
2021-04-18 05:00:00,2746.0,2770.0,2743.0,2764.0,2749.0,2773.0,2746.0,2767.0,,,,,3177
2021-04-19 05:00:00,2765.0,2804.0,2747.0,2800.0,2768.0,2807.0,2750.0,2803.0,,,,,46546
2021-04-20 05:00:00,2799.0,2810.0,2774.0,2780.0,2802.0,2813.0,2777.0,2783.0,,,,,45213
2021-04-21 05:00:00,2779.0,2782.0,2728.0,2764.0,2782.0,2785.0,2731.0,2767.0,,,,,47748
2021-04-22 05:00:00,2763.0,2844.0,2720.0,2820.0,2766.0,2847.0,2723.0,2823.0,,,,,61837
2021-04-23 05:00:00,2821.0,2831.0,2792.0,2792.0,2824.0,2834.0,2795.0,2795.0,,,,,29274
2021-04-25 05:00:00,2800.0,2807.0,2795.0,2797.0,2803.0,2810.0,2798.0,2800.0,,,,,39689
2021-04-26 05:00:00,2796.0,2879.0,2770.0,2871.0,2799.0,2882.0,2773.0,2874.0,,,,,84734
2021-04-27 05:00:00,2870.0,2945.0,2861.0,2935.0,2873.0,2948.0,2864.0,2938.0,,,,,145287
2021-04-28 05:00:00,2937.0,2987.0,2930.0,2950.0,2940.0,2990.0,2933.0,2953.0,,,,,58694
2021-04-29 05:00:00,2949.0,2973.0,2885.0,2904.0,2952.0,2976.0,2888.0,2907.0,,,,,54241
2021-04-30 05:00:00,2905.0,2965.0,2895.0,2943.0,2908.0,2968.0,2898.0,2946.0,,,,,44827
2021-05-02 05:00:00,2946.0,2964.0,2938.0,2950.0,2949.0,2967.0,2941.0,2953.0,,,,,1638
2021-05-03 05:00:00,2949.0,2982.0,2909.0,2968.0,2952.0,2985.0,2912.0,2971.0,,,,,45082
2021-05-04 05:00:00,2967.0,3010.0,2942.0,2983.0,2970.0,3013.0,2945.0,2986.0,,,,,46155
2021-05-05 05:00:00,2982.0,3000.0,2926.0,2961.0,2985.0,3003.0,2929.0,2964.0,,,,,42795
2021-05-06 05:00:00,2960.0,2982.0,2921.0,2947.0,2963.0,2985.0,2924.0,2950.0,,,,,42795
2021-05-07 05:00:00,2946.0,3002.0,2921.0,2985.0,2949.0,3005.0,2924.0,2988.0,,,,,46693
2021-05-09 05:00:00,2975.0,2986.0,2974.0,2984.0,2978.0,2989.0,2977.0,2987.0,,,,,1135
2021-05-10 05:00:00,2983.0,2987.0,2920.0,2932.0,2986.0,2990.0,2923.0,2935.0,,,,,38826
2021-05-11 05:00:00,2933.0,2989.0,2904.0,2961.0,2936.0,2992.0,2907.0,2964.0,,,,,48044
2021-05-12 05:00:00,2962.0,3011.0,2947.0,2995.0,2965.0,3014.0,2950.0,2998.0,,,,,46717
2021-05-13 05:00:00,2996.0,3022.0,2963.0,3001.0,2999.0,3025.0,2966.0,3004.0,,,,,43173
2021-05-14 05:00:00,3000.0,3046.0,2977.0,3005.0,3003.0,3049.0,2980.0,3008.0,,,,,43377
2021-05-16 05:00:00,3060.0,3080.0,3058.0,3060.0,3063.0,3083.0,3061.0,3063.0,,,,,3875
2021-05-17 05:00:00,3059.0,3186.0,3059.0,3167.0,3062.0,3189.0,3062.0,3170.0,,,,,82471
2021-05-18 05:00:00,3168.0,3173.0,3036.0,3044.0,3171.0,3176.0,3039.0,3047.0,,,,,63908
2021-05-19 05:00:00,3045.0,3052.0,2989.0,3012.0,3048.0,3055.0,2992.0,3015.0,,,,,48942
2021-05-20 05:00:00,3013.0,3033.0,2958.0,3009.0,3016.0,3036.0,2961.0,3012.0,,,,,44599
2021-05-21 05:00:00,3008.0,3032.0,2950.0,2962.0,3011.0,3035.0,2953.0,2965.0,,,,,33429
2021-05-23 05:00:00,2906.0,2930.0,2904.0,2927.0,2909.0,2933.0,2907.0,2930.0,,,,,5030
2021-05-24 05:00:00,2926.0,2963.0,2898.0,2961.0,2929.0,2966.0,2901.0,2964.0,,,,,79996
2021-05-25 05:00:00,2960.0,3000.0,2949.0,2992.0,2963.0,3003.0,2952.0,2995.0,,,,,90711
2021-05-26 05:00:00,2991.0,3044.0,2974.0,3021.0,2994.0,3047.0,2977.0,3024.0,,,,,58737
2021-05-27 05:00:00,3020.0,3023.0,2914.0,2962.0,3023.0,3026.0,2917.0,2965.0,,,,,57847
2021-05-28 05:00:00,2965.0,3042.0,2955.0,3012.0,2968.0,3045.0,2958.0,3015.0,,,,,51654
2021-05-30 05:00:00,3035.0,3046.0,3031.0,3032.0,3038.0,3049.0,3034.0,3035.0,,,,,2591
2021-05-31 05:00:00,3031.0,3076.0,3017.0,3073.0,3034.0,3079.0,3020.0,3076.0,,,,,11596
2021-06-01 05:00:00,3074.0,3152.0,3049.0,3086.0,3077.0,3155.0,3052.0,3089.0,,,,,78625
2021-06-02 05:00:00,3087.0,3128.0,3053.0,3088.0,3090.0,3131.0,3056.0,3091.0,,,,,54886
2021-06-03 05:00:00,3089.0,3089.0,3036.0,3070.0,3092.0,3092.0,3039.0,3073.0,,,,,49686
2021-06-04 05:00:00,3069.0,3124.0,3019.0,3102.0,3072.0,3127.0,3022.0,3105.0,,,,,55766
2021-06-06 05:00:00,3111.0,3118.0,3100.0,3105.0,3114.0,3121.0,3103.0,3108.0,,,,,2834
2021-06-07 05:00:00,3106.0,3115.0,3039.0,3103.0,3109.0,3118.0,3042.0,3106.0,,,,,58238
2021-06-08 05:00:00,3105.0,3201.0,3100.0,3135.0,3108.0,3204.0,3103.0,3138.0,,,,,87898
2021-06-09 05:00:00,3134.0,3172.0,3111.0,3161.0,3137.0,3175.0,3114.0,3164.0,,,,,56302
2021-06-10 05:00:00,3160.0,3272.0,3138.0,3247.0,3163.0,3275.0,3141.0,3250.0,,,,,76896
2021-06-11 05:00:00,3248.0,3335.0,3241.0,3289.0,3251.0,3338.0,3244.0,3292.0,,,,,76498
2021-06-13 05:00:00,3323.0,3323.0,3297.0,3314.0,3326.0,3326.0,3300.0,3317.0,,,,,3772
2021-06-14 05:00:00,3315.0,3370.0,3281.0,3366.0,3318.0,3373.0,3284.0,3369.0,,,,,54997
2021-06-15 05:00:00,3365.0,3376.0,3211.0,3221.0,3368.0,3379.0,3214.0,3224.0,,,,,75311
2021-06-16 05:00:00,3219.0,3285.0,3198.0,3259.0,3222.0,3288.0,3201.0,3262.0,,,,,56642
2021-06-17 05:00:00,3258.0,3272.0,3203.0,3220.0,3261.0,3275.0,3206.0,3223.0,,,,,72192
2021-06-18 05:00:00,3219.0,3273.0,3183.0,3249.0,3222.0,3276.0,3186.0,3252.0,,,,,52786
2021-06-20 05:00:00,3224.0,3232.0,3212.0,3216.0,3227.0,3235.0,3215.0,3219.0,,,,,2247
2021-06-21 05:00:00,3215.0,3228.0,3159.0,3212.0,3218.0,3231.0,3162.0,3215.0,,,,,49890
2021-06-22 05:00:00,3211.0,3298.0,3207.0,3288.0,3214.0,3301.0,3210.0,3291.0,,,,,40537
2021-06-23 05:00:00,3290.0,3401.0,3268.0,3326.0,3293.0,3404.0,3271.0,3329.0,,,,,45497
2021-06-24 05:00:00,3325.0,3456.0,3315.0,3445.0,3328.0,3459.0,3318.0,3448.0,,,,,32596
2021-06-25 05:00:00,3444.0,3532.0,3428.0,3531.0,3447.0,3535.0,3431.0,3534.0,,,,,98295
2021-06-27 05:00:00,3518.0,3557.0,3505.0,3548.0,3521.0,3560.0,3508.0,3551.0,,,,,5101
2021-06-28 05:00:00,3549.0,3650.0,3533.0,3587.0,3552.0,3653.0,3536.0,3590.0,,,,,81041
2021-06-29 05:00:00,3585.0,3808.0,3569.0,3721.0,3588.0,3811.0,3572.0,3724.0,,,,,96779
2021-06-30 05:00:00,3720.0,3808.0,3601.0,3691.0,3723.0,3811.0,3604.0,3694.0,,,,,94925
2021-07-01 05:00:00,3693.0,3754.0,3588.0,3668.0,3696.0,3757.0,3591.0,3671.0,,,,,71696
2021-07-02 05:00:00,3669.0,3734.0,3593.0,3694.0,3672.0,3737.0,3596.0,3697.0,,,,,53890
2021-07-04 05:00:00,3692.0,3715.0,3676.0,3709.0,3695.0,3718.0,3679.0,3712.0,,,,,1384
2021-07-05 05:00:00,3708.0,3811.0,3708.0,3783.0,3711.0,3814.0,3711.0,3786.0,,,,,15146
2021-07-06 05:00:00,3784.0,3796.0,3599.0,3666.0,3787.0,3799.0,3602.0,3669.0,,,,,62028
2021-07-07 05:00:00,3665.0,3696.0,3511.0,3570.0,3668.0,3699.0,3514.0,3573.0,,,,,61952
2021-07-08 05:00:00,3571.0,3710.0,3534.0,3663.0,3574.0,3713.0,3537.0,3666.0,,,,,68639
2021-07-09 05:00:00,3664.0,3731.0,3649.0,3668.0,3667.0,3734.0,3652.0,3671.0,,,,,55425
2021-07-11 05:00:00,3663.0,3668.0,3635.0,3648.0,3666.0,3671.0,3638.0,3651.0,,,,,2371
2021-07-12 05:00:00,3647.0,3759.0,3614.0,3738.0,3650.0,3762.0,3617.0,3741.0,,,,,66784
2021-07-13 05:00:00,3737.0,3747.0,3664.0,3687.0,3740.0,3750.0,3667.0,3690.0,,,,,57212
2021-07-14 05:00:00,3686.0,3746.0,3616.0,3655.0,3689.0,3749.0,3619.0,3658.0,,,,,67801
2021-07-15 05:00:00,3656.0,3675.0,3596.0,3609.0,3659.0,3678.0,3599.0,3612.0,,,,,60120
2021-07-16 05:00:00,3608.0,3675.0,3576.0,3667.0,3611.0,3678.0,3579.0,3670.0,,,,,45395
2021-07-18 05:00:00,3699.0,3702.0,3683.0,3684.0,3702.0,3705.0,3686.0,3687.0,,,,,2154
2021-07-19 05:00:00,3692.0,3767.0,3673.0,3731.0,3695.0,3770.0,3676.0,3734.0,,,,,60508
2021-07-20 05:00:00,3732.0,3933.0,3721.0,3917.0,3735.0,3936.0,3724.0,3920.0,,,,,60064
2021-07-21 05:00:00,3918.0,3946.0,3859.0,3885.0,3921.0,3949.0,3862.0,3888.0,,,,,57773
2021-07-22 05:00:00,3886.0,3996.0,3876.0,3980.0,3889.0,3999.0,3879.0,3983.0,,,,,56632
2021-07-23 05:00:00,3979.0,4052.0,3957.0,4025.0,3982.0,4055.0,3960.0,4028.0,,,,,44718
2021-07-25 05:00:00,4005.0,4013.0,3991.0,4008.0,4008.0,4016.0,3994.0,4011.0,,,,,17235
2021-07-26 05:00:00,4009.0,4164.0,4004.0,4075.0,4012.0,4167.0,4007.0,4078.0,,,,,146969
2021-07-27 05:00:00,4076.0,4092.0,3905.0,3917.0,4079.0,4095.0,3908.0,3920.0,,,,,159577
2021-07-28 05:00:00,3918.0,4022.0,3836.0,3951.0,3921.0,4025.0,3839.0,3954.0,,,,,66073
2021-07-29 05:00:00,3950.0,4094.0,3926.0,3983.0,3953.0,4097.0,3929.0,3986.0,,,,,65346
2021-07-30 05:00:00,3981.0,4001.0,3855.0,3913.0,3984.0,4004.0,3858.0,3916.0,,,,,73396
2021-08-01 05:00:00,3965.0,3981.0,3955.0,3962.0,3968.0,3984.0,3958.0,3965.0,,,,,2534
2021-08-02 05:00:00,3963.0,4040.0,3927.0,3975.0,3966.0,4043.0,3930.0,3978.0,,,,,56638
2021-08-03 05:00:00,3974.0,4079.0,3916.0,4076.0,3977.0,4082.0,3919.0,4079.0,,,,,60699
2021-08-04 05:00:00,4075.0,4204.0,4056.0,4174.0,4078.0,4207.0,4059.0,4177.0,,,,,71530
2021-08-05 05:00:00,4175.0,4205.0,4118.0,4154.0,4178.0,4208.0,4121.0,4157.0,,,,,63132
2021-08-06 05:00:00,4153.0,4192.0,4100.0,4136.0,4156.0,4195.0,4103.0,4139.0,,,,,67826
2021-08-08 05:00:00,4173.0,4185.0,4163.0,4178.0,4176.0,4188.0,4166.0,4181.0,,,,,2364
2021-08-09 05:00:00,4179.0,4184.0,4007.0,4045.0,4182.0,4187.0,4010.0,4048.0,,,,,85164
2021-08-10 05:00:00,4046.0,4130.0,4023.0,4107.0,4049.0,4133.0,4026.0,4110.0,,,,,77348
2021-08-11 05:00:00,4106.0,4133.0,3987.0,4058.0,4109.0,4136.0,3990.0,4061.0,,,,,77928
2021-08-12 05:00:00,4057.0,4071.0,3905.0,3907.0,4060.0,4074.0,3908.0,3910.0,,,,,82540
2021-08-13 05:00:00,3904.0,3956.0,3853.0,3854.0,3907.0,3959.0,3856.0,3857.0,,,,,61719
2021-08-15 05:00:00,3856.0,3865.0,3827.0,3829.0,3859.0,3868.0,3830.0,3832.0,,,,,2691
2021-08-16 05:00:00,3830.0,3995.0,3826.0,3949.0,3833.0,3998.0,3829.0,3952.0,,,,,53254
2021-08-17 05:00:00,3948.0,3951.0,3811.0,3848.0,3951.0,3954.0,3814.0,3851.0,,,,,64266
2021-08-18 05:00:00,3847.0,3883.0,3797.0,3821.0,3850.0,3886.0,3800.0,3824.0,,,,,50308
2021-08-19 05:00:00,3820.0,3903.0,3746.0,3884.0,3823.0,3906.0,3749.0,3887.0,,,,,62277
2021-08-20 05:00:00,3885.0,3961.0,3844.0,3849.0,3888.0,3964.0,3847.0,3852.0,,,,,53529
2021-08-22 05:00:00,3869.0,3885.0,3849.0,3884.0,3872.0,3888.0,3852.0,3887.0,,,,,1541
2021-08-23 05:00:00,3885.0,3965.0,3870.0,3954.0,3888.0,3968.0,3873.0,3957.0,,,,,50429
2021-08-24 05:00:00,3953.0,3985.0,3892.0,3892.0,3956.0,3988.0,3895.0,3895.0,,,,,103197
2021-08-25 05:00:00,3893.0,4018.0,3876.0,3949.0,3896.0,4021.0,3879.0,3952.0,,,,,290969
2021-08-26 05:00:00,3950.0,4272.0,3929.0,4259.0,3953.0,4275.0,3932.0,4262.0,,,,,167659
2021-08-27 05:00:00,4258.0,4415.0,4223.0,4413.0,4261.0,4418.0,4226.0,4416.0,,,,,95317
2021-08-29 05:00:00,4498.0,4520.0,4433.0,4450.0,4501.0,4523.0,4436.0,4453.0,,,,,7974
2021-08-30 05:00:00,4449.0,4455.0,4228.0,4292.0,4452.0,4458.0,4231.0,4295.0,,,,,76719
2021-08-31 05:00:00,4293.0,4448.0,4222.0,4432.0,4296.0,4451.0,4225.0,4435.0,,,,,70779
2021-09-01 05:00:00,4433.0,4712.0,4418.0,4615.0,4436.0,4715.0,4421.0,4618.0,,,,,108263
2021-09-02 05:00:00,4614.0,4735.0,4588.0,4627.0,4617.0,4738.0,4591.0,4630.0,,,,,88324
2021-09-03 05:00:00,4626.0,4729.0,4626.0,4708.0,4629.0,4732.0,4629.0,4711.0,,,,,55440
2021-09-05 05:00:00,4716.0,4756.0,4714.0,4741.0,4719.0,4759.0,4717.0,4744.0,,,,,2135
2021-09-06 05:00:00,4740.0,4789.0,4683.0,4704.0,4743.0,4792.0,4686.0,4707.0,,,,,17232
2021-09-07 05:00:00,4703.0,4720.0,4576.0,4617.0,4706.0,4723.0,4579.0,4620.0,,,,,69171
2021-09-08 05:00:00,4618.0,5023.0,4616.0,4959.0,4621.0,5026.0,4619.0,4962.0,,,,,107947
2021-09-09 05:00:00,4958.0,5061.0,4841.0,5032.0,4961.0,5064.0,4844.0,5035.0,,,,,106688
2021-09-10 05:00:00,5033.0,5073.0,4928.0,4972.0,5036.0,5076.0,4931.0,4975.0,,,,,67947
2021-09-12 05:00:00,4953.0,4954.0,4904.0,4944.0,4956.0,4957.0,4907.0,4947.0,,,,,3972
2021-09-13 05:00:00,4945.0,5308.0,4925.0,5229.0,4948.0,5311.0,4928.0,5232.0,,,,,93099
2021-09-14 05:00:00,5230.0,5389.0,5201.0,5336.0,5233.0,5392.0,5204.0,5339.0,,,,,95599
2021-09-15 05:00:00,5335.0,5675.0,5309.0,5467.0,5338.0,5678.0,5312.0,5470.0,,,,,123873
2021-09-16 05:00:00,5468.0,5623.0,5260.0,5338.0,5471.0,5626.0,5263.0,5341.0,,,,,104326
2021-09-17 05:00:00,5337.0,5418.0,5073.0,5080.0,5340.0,5421.0,5076.0,5083.0,,,,,80406
2021-09-19 05:00:00,5010.0,5049.0,4952.0,5004.0,5013.0,5052.0,4955.0,5007.0,,,,,5773
2021-09-20 05:00:00,5005.0,5195.0,4935.0,5017.0,5008.0,5198.0,4938.0,5020.0,,,,,73591
2021-09-21 05:00:00,5016.0,5075.0,4759.0,4866.0,5019.0,5078.0,4762.0,4869.0,,,,,80958
2021-09-22 05:00:00,4865.0,4932.0,4784.0,4822.0,4868.0,4935.0,4787.0,4825.0,,,,,54946
2021-09-23 05:00:00,4823.0,5170.0,4785.0,5153.0,4826.0,5173.0,4788.0,5156.0,,,,,63313
2021-09-24 05:00:00,5152.0,5234.0,5039.0,5230.0,5155.0,5237.0,5042.0,5233.0,,,,,28923
2021-09-26 05:00:00,5251.0,5369.0,5234.0,5348.0,5254.0,5372.0,5237.0,5351.0,,,,,10381
2021-09-27 05:00:00,5347.0,6314.0,5341.0,6153.0,5350.0,6317.0,5344.0,6156.0,,,,,130268
2021-09-28 05:00:00,6155.0,6315.0,5653.0,5842.0,6158.0,6318.0,5656.0,5845.0,,,,,163691
2021-09-29 05:00:00,5841.0,5871.0,5350.0,5491.0,5844.0,5874.0,5353.0,5494.0,,,,,114701
2021-09-30 05:00:00,5489.0,6022.0,5489.0,5900.0,5492.0,6025.0,5492.0,5903.0,,,,,117213
2021-10-01 05:00:00,5901.0,6006.0,5554.0,5566.0,5904.0,6009.0,5557.0,5569.0,,,,,89873
2021-10-03 05:00:00,5669.0,5790.0,5659.0,5774.0,5672.0,5793.0,5662.0,5777.0,,,,,3916
2021-10-04 05:00:00,5773.0,6093.0,5695.0,5864.0,5776.0,6096.0,5698.0,5867.0,,,,,101798
2021-10-05 05:00:00,5865.0,6421.0,5863.0,6285.0,5868.0,6424.0,5866.0,6288.0,,,,,108014
2021-10-06 05:00:00,6286.0,6499.0,5701.0,5725.0,6289.0,6502.0,5704.0,5728.0,,,,,139243
2021-10-07 05:00:00,5724.0,5925.0,5438.0,5890.0,5727.0,5928.0,5441.0,5893.0,,,,,119647
2021-10-08 05:00:00,5891.0,5919.0,5601.0,5659.0,5894.0,5922.0,5604.0,5662.0,,,,,81360
2021-10-10 05:00:00,5745.0,5814.0,5730.0,5793.0,5748.0,5817.0,5733.0,5796.0,,,,,4834
2021-10-11 05:00:00,5794.0,5866.0,5380.0,5485.0,5797.0,5869.0,5383.0,5488.0,,,,,86836
2021-10-12 05:00:00,5486.0,5601.0,5252.0,5480.0,5489.0,5604.0,5255.0,5483.0,,,,,104191
2021-10-13 05:00:00,5479.0,5822.0,5438.0,5782.0,5482.0,5825.0,5441.0,5785.0,,,,,96603
2021-10-14 05:00:00,5781.0,6042.0,5671.0,5724.0,5784.0,6045.0,5674.0,5727.0,,,,,83414
2021-10-15 05:00:00,5725.0,5878.0,5517.0,5537.0,5728.0,5881.0,5520.0,5540.0,,,,,85250
2021-10-17 05:00:00,5427.0,5445.0,5348.0,5372.0,5430.0,5448.0,5351.0,5375.0,,,,,4145
2021-10-18 05:00:00,5371.0,5522.0,5073.0,5106.0,5374.0,5525.0,5076.0,5109.0,,,,,80384
2021-10-19 05:00:00,5107.0,5294.0,5006.0,5217.0,5110.0,5297.0,5009.0,5220.0,,,,,77618
2021-10-20 05:00:00,5216.0,5426.0,5129.0,5383.0,5219.0,5429.0,5132.0,5386.0,,,,,68076
2021-10-21 05:00:00,5382.0,5407.0,5199.0,5346.0,5385.0,5410.0,5202.0,5349.0,,,,,57098
2021-10-22 05:00:00,5347.0,5554.0,5301.0,5462.0,5350.0,5557.0,5304.0,5465.0,,,,,42931
2021-10-24 05:00:00,5630.0,5734.0,5615.0,5703.0,5633.0,5737.0,5618.0,5706.0,,,,,6969
2021-10-25 05:00:00,5701.0,6208.0,5676.0,6193.0,5704.0,6211.0,5679.0,6196.0,,,,,265998
2021-10-26 05:00:00,6194.0,6226.0,5730.0,5942.0,6197.0,6229.0,5733.0,5945.0,,,,,89687
2021-10-27 05:00:00,5938.0,6281.0,5892.0,6071.0,5941.0,6284.0,5895.0,6074.0,,,,,92585
2021-10-28 05:00:00,6072.0,6206.0,5646.0,5686.0,6075.0,6209.0,5649.0,5689.0,,,,,82071
2021-10-29 05:00:00,5684.0,5841.0,5413.0,5568.0,5687.0,5844.0,5416.0,5571.0,,,,,71985
2021-10-31 04:00:00,5303.0,5455.0,5302.0,5425.0,5306.0,5458.0,5305.0,5428.0,,,,,4653
2021-11-01 04:00:00,5424.0,5512.0,5140.0,5295.0,5427.0,5515.0,5143.0,5298.0,,,,,77430
2021-11-02 04:00:00,5294.0,5603.0,5231.0,5550.0,5297.0,5606.0,5234.0,5553.0,,,,,74998
2021-11-03 04:00:00,5549.0,5900.0,5491.0,5826.0,5552.0,5903.0,5494.0,5829.0,,,,,71209
2021-11-04 04:00:00,5825.0,5880.0,5569.0,5735.0,5828.0,5883.0,5572.0,5738.0,,,,,71383
2021-11-05 04:00:00,5734.0,5745.0,5536.0,5657.0,5737.0,5748.0,5539.0,5660.0,,,,,60832
2021-11-07 04:00:00,5646.0,5646.0,5556.0,5611.0,5649.0,5649.0,5559.0,5614.0,,,,,3997
2021-11-08 05:00:00,5610.0,5701.0,5424.0,5472.0,5613.0,5704.0,5427.0,5475.0,,,,,75421
2021-11-09 05:00:00,5473.0,5496.0,4951.0,5006.0,5476.0,5499.0,4954.0,5009.0,,,,,94879
2021-11-10 05:00:00,5005.0,5065.0,4770.0,4945.0,5008.0,5068.0,4773.0,4948.0,,,,,83798
2021-11-11 05:00:00,4944.0,5225.0,4944.0,5182.0,4947.0,5228.0,4947.0,5185.0,,,,,65341
2021-11-12 05:00:00,5181.0,5186.0,4806.0,4831.0,5184.0,5189.0,4809.0,4834.0,,,,,62535
2021-11-14 05:00:00,4939.0,4982.0,4919.0,4943.0,4942.0,4985.0,4922.0,4946.0,,,,,3031
2021-11-15 05:00:00,4944.0,5119.0,4774.0,5111.0,4947.0,5122.0,4777.0,5114.0,,,,,58414
2021-11-16 05:00:00,5112.0,5451.0,5098.0,5171.0,5115.0,5454.0,5101.0,5174.0,,,,,68164
2021-11-17 05:00:00,5172.0,5231.0,4875.0,4929.0,5175.0,5234.0,4878.0,4932.0,,,,,70405
2021-11-18 05:00:00,4930.0,5106.0,4928.0,4971.0,4933.0,5109.0,4931.0,4974.0,,,,,54432
2021-11-19 05:00:00,4972.0,5217.0,4911.0,5139.0,4975.0,5220.0,4914.0,5142.0,,,,,50874
2021-11-21 05:00:00,4973.0,5034.0,4960.0,5016.0,4976.0,5037.0,4963.0,5019.0,,,,,2606
2021-11-22 05:00:00,5015.0,5028.0,4727.0,4864.0,5018.0,5031.0,4730.0,4867.0,,,,,52800
2021-11-23 05:00:00,4865.0,5142.0,4825.0,5000.0,4868.0,5145.0,4828.0,5003.0,,,,,29891
2021-11-24 05:00:00,4999.0,5201.0,4941.0,5079.0,5002.0,5204.0,4944.0,5082.0,,,,,53316
2021-11-25 05:00:00,5081.0,5180.0,5026.0,5175.0,5084.0,5183.0,5029.0,5178.0,,,,,25080
2021-11-26 05:00:00,5174.0,5512.0,5081.0,5491.0,5177.0,5515.0,5084.0,5494.0,,,,,62531
2021-11-28 05:00:00,5063.0,5098.0,5039.0,5060.0,5066.0,5101.0,5042.0,5063.0,,,,,6080
2021-11-29 05:00:00,5059.0,5144.0,4808.0,4821.0,5062.0,5147.0,4811.0,4824.0,,,,,73575
2021-11-30 05:00:00,4823.0,4826.0,4474.0,4581.0,4826.0,4829.0,4477.0,4584.0,,,,,75774
2021-12-01 05:00:00,4580.0,4653.0,4209.0,4258.0,4583.0,4656.0,4212.0,4261.0,,,,,78879
2021-12-02 05:00:00,4256.0,4317.0,4030.0,4140.0,4259.0,4320.0,4033.0,4143.0,,,,,66467
2021-12-03 05:00:00,4141.0,4269.0,4052.0,4080.0,4144.0,4272.0,4055.0,4083.0,,,,,57024
2021-12-05 05:00:00,3813.0,3856.0,3800.0,3826.0,3816.0,3859.0,3803.0,3829.0,,,,,5681
2021-12-06 05:00:00,3827.0,3870.0,3628.0,3716.0,3830.0,3873.0,3631.0,3719.0,,,,,76225
2021-12-07 05:00:00,3717.0,3813.0,3647.0,3767.0,3720.0,3816.0,3650.0,3770.0,,,,,64850
2021-12-08 05:00:00,3765.0,3911.0,3751.0,3840.0,3768.0,3914.0,3754.0,3843.0,,,,,60081
2021-12-09 05:00:00,3839.0,3907.0,3709.0,3802.0,3842.0,3910.0,3712.0,3805.0,,,,,55546
2021-12-10 05:00:00,3803.0,3945.0,3800.0,3874.0,3806.0,3948.0,3803.0,3877.0,,,,,50338
2021-12-12 05:00:00,3965.0,3993.0,3951.0,3978.0,3968.0,3996.0,3954.0,3981.0,,,,,2351
2021-12-13 05:00:00,3977.0,4060.0,3740.0,3750.0,3980.0,4063.0,3743.0,3753.0,,,,,61084
2021-12-14 05:00:00,3749.0,3820.0,3670.0,3763.0,3752.0,3823.0,3673.0,3766.0,,,,,50778
2021-12-15 05:00:00,3764.0,3895.0,3756.0,3824.0,3767.0,3898.0,3759.0,3827.0,,,,,52222
2021-12-16 05:00:00,3823.0,3942.0,3698.0,3731.0,3826.0,3945.0,3701.0,3734.0,,,,,55478
2021-12-17 05:00:00,3730.0,3778.0,3595.0,3638.0,3733.0,3781.0,3598.0,3641.0,,,,,43874
2021-12-19 05:00:00,3610.0,3684.0,3610.0,3656.0,3613.0,3687.0,3613.0,3659.0,,,,,2536
2021-12-20 05:00:00,3655.0,3858.0,3637.0,3771.0,3658.0,3861.0,3640.0,3774.0,,,,,55027
2021-12-21 05:00:00,3770.0,3857.0,3661.0,3810.0,3773.0,3860.0,3664.0,3813.0,,,,,60519
2021-12-22 05:00:00,3811.0,3950.0,3748.0,3886.0,3814.0,3953.0,3751.0,3889.0,,,,,46837
2021-12-23 05:00:00,3887.0,3913.0,3530.0,3640.0,3890.0,3916.0,3533.0,3643.0,,,,,45138
2021-12-26 05:00:00,3833.0,3853.0,3766.0,3780.0,3836.0,3856.0,3769.0,3783.0,,,,,4529
2021-12-27 05:00:00,3779.0,4024.0,3637.0,4017.0,3782.0,4027.0,3640.0,4020.0,,,,,200213
2021-12-28 05:00:00,4014.0,4032.0,3806.0,3913.0,4017.0,4035.0,3809.0,3916.0,,,,,51577
2021-12-29 05:00:00,3914.0,4071.0,3810.0,3878.0,3917.0,4074.0,3813.0,3881.0,,,,,65175
2021-12-30 05:00:00,3877.0,3954.0,3528.0,3600.0,3880.0,3957.0,3531.0,3603.0,,,,,58569
2021-12-31 05:00:00,3601.0,3776.0,3563.0,3740.0,3604.0,3779.0,3566.0,3743.0,,,,,42265
2022-01-02 05:00:00,3672.0,3696.0,3645.0,3694.0,3675.0,3699.0,3648.0,3697.0,,,,,3430
2022-01-03 05:00:00,3693.0,3826.0,3611.0,3790.0,3696.0,3829.0,3614.0,3793.0,,,,,47593
2022-01-04 05:00:00,3789.0,3903.0,3676.0,3710.0,3792.0,3906.0,3679.0,3713.0,,,,,61660
2022-01-05 05:00:00,3711.0,3853.0,3684.0,3794.0,3714.0,3856.0,3687.0,3797.0,,,,,47685
2022-01-06 05:00:00,3795.0,3878.0,3758.0,3818.0,3798.0,3881.0,3761.0,3821.0,,,,,53067
2022-01-07 05:00:00,3819.0,3918.0,3756.0,3869.0,3822.0,3921.0,3759.0,3872.0,,,,,53764
2022-01-09 05:00:00,4063.0,4074.0,4026.0,4054.0,4066.0,4077.0,4029.0,4057.0,,,,,6450
2022-01-10 05:00:00,4055.0,4101.0,3883.0,4016.0,4058.0,4104.0,3886.0,4019.0,,,,,75437
2022-01-11 05:00:00,4015.0,4124.0,3907.0,4076.0,4018.0,4127.0,3910.0,4079.0,,,,,55120
2022-01-12 05:00:00,4075.0,4608.0,4056.0,4501.0,4078.0,4611.0,4059.0,4504.0,,,,,91624
2022-01-13 05:00:00,4494.0,4525.0,4105.0,4136.0,4497.0,4528.0,4108.0,4139.0,,,,,95682
2022-01-14 05:00:00,4133.0,4175.0,4005.0,4112.0,4136.0,4178.0,4008.0,4115.0,,,,,51185
2022-01-16 05:00:00,4238.0,4240.0,4169.0,4172.0,4241.0,4243.0,4172.0,4175.0,,,,,2456
2022-01-17 05:00:00,4171.0,4190.0,4112.0,4165.0,4174.0,4193.0,4115.0,4168.0,,,,,12340
2022-01-18 05:00:00,4166.0,4220.0,4067.0,4117.0,4169.0,4223.0,4070.0,4120.0,,,,,46754
2022-01-19 05:00:00,4116.0,4143.0,3854.0,3890.0,4119.0,4146.0,3857.0,3893.0,,,,,52985
2022-01-20 05:00:00,3889.0,3904.0,3668.0,3748.0,3892.0,3907.0,3671.0,3751.0,,,,,45205
2022-01-21 05:00:00,3749.0,3865.0,3713.0,3789.0,3752.0,3868.0,3716.0,3792.0,,,,,34934
2022-01-23 05:00:00,3728.0,3774.0,3714.0,3770.0,3731.0,3777.0,3717.0,3773.0,,,,,1425
2022-01-24 05:00:00,3769.0,3921.0,3725.0,3805.0,3772.0,3924.0,3728.0,3808.0,,,,,27705
2022-01-25 05:00:00,3806.0,3924.0,3768.0,3884.0,3809.0,3927.0,3771.0,3887.0,,,,,101886
2022-01-26 05:00:00,3883.0,4194.0,3876.0,4082.0,3886.0,4197.0,3879.0,4085.0,,,,,528860
2022-01-27 05:00:00,4079.0,4414.0,4012.0,4340.0,4082.0,4417.0,4015.0,4343.0,,,,,83864
2022-01-28 05:00:00,4339.0,4860.0,4286.0,4669.0,4342.0,4863.0,4289.0,4672.0,,,,,106841
2022-01-30 05:00:00,4845.0,5015.0,4845.0,4958.0,4848.0,5018.0,4848.0,4961.0,,,,,8870
2022-01-31 05:00:00,4957.0,4959.0,4669.0,4916.0,4960.0,4962.0,4672.0,4919.0,,,,,66977
2022-02-01 05:00:00,4914.0,4916.0,4592.0,4895.0,4917.0,4919.0,4595.0,4898.0,,,,,66003
2022-02-02 05:00:00,4896.0,5438.0,4841.0,5228.0,4899.0,5441.0,4844.0,5231.0,,,,,119978
2022-02-03 05:00:00,5227.0,5237.0,4762.0,4999.0,5230.0,5240.0,4765.0,5002.0,,,,,86614
2022-02-04 05:00:00,4998.0,5006.0,4462.0,4523.0,5001.0,5009.0,4465.0,4526.0,,,,,65107
2022-02-06 05:00:00,4332.0,4384.0,4283.0,4384.0,4335.0,4387.0,4286.0,4387.0,,,,,5532
2022-02-07 05:00:00,4385.0,4442.0,4111.0,4259.0,4388.0,4445.0,4114.0,4262.0,,,,,77228
2022-02-08 05:00:00,4258.0,4360.0,4167.0,4217.0,4261.0,4363.0,4170.0,4220.0,,,,,63165
2022-02-09 05:00:00,4218.0,4241.0,3970.0,4024.0,4221.0,4244.0,3973.0,4027.0,,,,,57245
2022-02-10 05:00:00,4025.0,4027.0,3873.0,3989.0,4028.0,4030.0,3876.0,3992.0,,,,,56384
2022-02-11 05:00:00,3988.0,4047.0,3873.0,3980.0,3991.0,4050.0,3876.0,3983.0,,,,,65292
2022-02-13 05:00:00,4083.0,4112.0,4050.0,4098.0,4086.0,4115.0,4053.0,4101.0,,,,,3813
2022-02-14 05:00:00,4099.0,4196.0,4026.0,4185.0,4102.0,4199.0,4029.0,4188.0,,,,,53426
2022-02-15 05:00:00,4184.0,4362.0,4165.0,4333.0,4187.0,4365.0,4168.0,4336.0,,,,,58815
2022-02-16 05:00:00,4334.0,4640.0,4327.0,4612.0,4337.0,4643.0,4330.0,4615.0,,,,,68394
2022-02-17 05:00:00,4613.0,4680.0,4358.0,4380.0,4616.0,4683.0,4361.0,4383.0,,,,,55875
2022-02-18 05:00:00,4383.0,4595.0,4319.0,4397.0,4386.0,4598.0,4322.0,4400.0,,,,,35775
2022-02-20 05:00:00,4515.0,4615.0,4496.0,4586.0,4518.0,4618.0,4499.0,4589.0,,,,,2774
2022-02-21 05:00:00,4587.0,4753.0,4527.0,4663.0,4590.0,4756.0,4530.0,4666.0,,,,,57862
2022-02-22 05:00:00,4657.0,4662.0,4410.0,4506.0,4660.0,4665.0,4413.0,4509.0,,,,,51994
2022-02-23 05:00:00,4507.0,4844.0,4436.0,4841.0,4510.0,4847.0,4439.0,4844.0,,,,,130646
2022-02-24 05:00:00,4842.0,4936.0,4556.0,4680.0,4845.0,4939.0,4559.0,4683.0,,,,,81764
2022-02-25 05:00:00,4681.0,4686.0,4417.0,4479.0,4684.0,4689.0,4420.0,4482.0,,,,,48479
2022-02-27 05:00:00,4657.0,4682.0,4555.0,4593.0,4660.0,4685.0,4558.0,4596.0,,,,,4763
2022-02-28 05:00:00,4592.0,4641.0,4373.0,4418.0,4595.0,4644.0,4376.0,4421.0,,,,,48365
2022-03-01 05:00:00,4417.0,4716.0,4343.0,4698.0,4420.0,4719.0,4346.0,4701.0,,,,,58297
2022-03-02 05:00:00,4697.0,4910.0,4647.0,4879.0,4700.0,4913.0,4650.0,4882.0,,,,,67327
2022-03-03 05:00:00,4881.0,4935.0,4634.0,4806.0,4884.0,4938.0,4637.0,4809.0,,,,,68678
2022-03-04 05:00:00,4805.0,5048.0,4765.0,4925.0,4808.0,5051.0,4768.0,4928.0,,,,,56273
2022-03-06 05:00:00,5082.0,5111.0,4981.0,5047.0,5087.0,5114.0,4984.0,5050.0,,,,,5028
2022-03-07 05:00:00,5046.0,5187.0,4725.0,4773.0,5049.0,5190.0,4728.0,4776.0,,,,,60600
2022-03-08 05:00:00,4774.0,4827.0,4520.0,4582.0,4777.0,4830.0,4523.0,4585.0,,,,,74253
2022-03-09 05:00:00,4578.0,4610.0,4465.0,4565.0,4581.0,4613.0,4468.0,4568.0,,,,,46837
2022-03-10 05:00:00,4564.0,4698.0,4527.0,4680.0,4567.0,4701.0,4530.0,4683.0,,,,,41831
2022-03-11 05:00:00,4681.0,4814.0,4673.0,4789.0,4684.0,4817.0,4676.0,4792.0,,,,,42209
2022-03-13 05:00:00,4722.0,4777.0,4666.0,4684.0,4725.0,4780.0,4669.0,4687.0,,,,,2341
2022-03-14 04:00:00,4682.0,4720.0,4535.0,4615.0,4685.0,4723.0,4538.0,4618.0,,,,,36870
2022-03-15 04:00:00,4614.0,4681.0,4488.0,4656.0,4617.0,4684.0,4491.0,4659.0,,,,,38629
2022-03-16 04:00:00,4657.0,4796.0,4643.0,4764.0,4660.0,4799.0,4646.0,4767.0,,,,,39249
2022-03-17 04:00:00,4763.0,5016.0,4712.0,4962.0,4766.0,5019.0,4715.0,4965.0,,,,,43392
2022-03-18 04:00:00,4961.0,4971.0,4835.0,4924.0,4964.0,4974.0,4838.0,4927.0,,,,,31915
2022-03-20 04:00:00,4925.0,4983.0,4914.0,4967.0,4928.0,4986.0,4917.0,4970.0,,,,,1334
2022-03-21 04:00:00,4966.0,4999.0,4781.0,4955.0,4969.0,5002.0,4784.0,4958.0,,,,,31411
2022-03-22 04:00:00,4954.0,5232.0,4901.0,5175.0,4957.0,5235.0,4904.0,5178.0,,,,,53265
2022-03-23 04:00:00,5174.0,5356.0,5128.0,5158.0,5177.0,5359.0,5131.0,5161.0,,,,,36996
2022-03-24 04:00:00,5157.0,5500.0,5114.0,5432.0,5160.0,5503.0,5117.0,5435.0,,,,,39009
2022-03-25 04:00:00,5431.0,5611.0,5381.0,5577.0,5434.0,5614.0,5384.0,5580.0,,,,,16217
2022-03-27 05:00:00,5588.0,5701.0,5561.0,5630.0,5591.0,5704.0,5564.0,5633.0,,,,,32920
2022-03-28 05:00:00,5631.0,5666.0,5451.0,5480.0,5634.0,5669.0,5454.0,5483.0,,,,,44704
2022-03-29 05:00:00,5479.0,5515.0,5272.0,5281.0,5482.0,5518.0,5275.0,5284.0,,,,,50644
2022-03-30 05:00:00,5282.0,5626.0,5271.0,5519.0,5285.0,5629.0,5274.0,5522.0,,,,,52640
2022-03-31 05:00:00,5517.0,5833.0,5460.0,5662.0,5520.0,5836.0,5463.0,5665.0,,,,,72249
2022-04-01 05:00:00,5665.0,5786.0,5512.0,5732.0,5668.0,5789.0,5515.0,5735.0,,,,,80308
2022-04-03 05:00:00,5747.0,5771.0,5693.0,5766.0,5750.0,5774.0,5696.0,5769.0,,,,,2320
2022-04-04 05:00:00,5765.0,5882.0,5667.0,5866.0,5768.0,5885.0,5670.0,5869.0,,,,,55708
2022-04-05 05:00:00,5865.0,6218.0,5848.0,6107.0,5868.0,6221.0,5851.0,6110.0,,,,,72171
2022-04-06 05:00:00,6108.0,6414.0,6024.0,6151.0,6111.0,6417.0,6027.0,6154.0,,,,,73761
2022-04-07 05:00:00,6150.0,6464.0,6026.0,6389.0,6153.0,6467.0,6029.0,6392.0,,,,,79173
2022-04-08 05:00:00,6390.0,6564.0,6286.0,6350.0,6393.0,6567.0,6289.0,6353.0,,,,,85930
2022-04-10 05:00:00,6424.0,6436.0,6281.0,6321.0,6427.0,6439.0,6284.0,6324.0,,,,,3656
2022-04-11 05:00:00,6320.0,6881.0,6307.0,6870.0,6323.0,6884.0,6310.0,6873.0,,,,,74675
2022-04-12 05:00:00,6869.0,6985.0,6640.0,6702.0,6872.0,6988.0,6643.0,6705.0,,,,,97878
2022-04-13 05:00:00,6701.0,7144.0,6698.0,7101.0,6704.0,7147.0,6701.0,7104.0,,,,,89881
2022-04-14 05:00:00,7100.0,7414.0,7015.0,7388.0,7103.0,7417.0,7018.0,7391.0,,,,,97396
2022-04-17 05:00:00,7468.0,7640.0,7468.0,7617.0,7471.0,7643.0,7471.0,7620.0,,,,,4736
2022-04-18 05:00:00,7616.0,8156.0,7556.0,7896.0,7619.0,8159.0,7559.0,7899.0,,,,,81070
2022-04-19 05:00:00,7897.0,7917.0,7028.0,7265.0,7900.0,7920.0,7031.0,7268.0,,,,,100054
2022-04-20 05:00:00,7264.0,7474.0,6873.0,6900.0,7267.0,7477.0,6876.0,6903.0,,,,,72789
2022-04-21 05:00:00,6899.0,7246.0,6810.0,7054.0,6902.0,7249.0,6813.0,7057.0,,,,,70664
2022-04-22 05:00:00,7053.0,7190.0,6542.0,6564.0,7056.0,7193.0,6545.0,6567.0,,,,,42802
2022-04-24 05:00:00,6508.0,6583.0,6464.0,6558.0,6511.0,6586.0,6467.0,6561.0,,,,,5592
2022-04-25 05:00:00,6559.0,7103.0,6472.0,6991.0,6562.0,7106.0,6475.0,6994.0,,,,,351857
2022-04-26 05:00:00,6993.0,7168.0,6792.0,6989.0,6996.0,7171.0,6795.0,6992.0,,,,,148744
2022-04-27 05:00:00,6990.0,7509.0,6977.0,7359.0,6993.0,7512.0,6980.0,7362.0,,,,,71553
2022-04-28 05:00:00,7358.0,7421.0,6885.0,6959.0,7361.0,7424.0,6888.0,6962.0,,,,,65046
2022-04-29 05:00:00,6958.0,7342.0,6814.0,7259.0,6961.0,7345.0,6817.0,7262.0,,,,,49400
2022-05-01 05:00:00,7452.0,7519.0,7398.0,7492.0,7455.0,7522.0,7401.0,7495.0,,,,,3244
2022-05-02 05:00:00,7498.0,7728.0,7240.0,7725.0,7501.0,7731.0,7243.0,7728.0,,,,,54078
2022-05-03 05:00:00,7724.0,8185.0,7655.0,7811.0,7727.0,8188.0,7658.0,7814.0,,,,,72404
2022-05-04 05:00:00,7812.0,8522.0,7792.0,8511.0,7815.0,8525.0,7795.0,8514.0,,,,,64902
2022-05-05 05:00:00,8510.0,8927.0,8133.0,8862.0,8513.0,8930.0,8136.0,8865.0,,,,,76069
2022-05-06 05:00:00,8861.0,9009.0,7986.0,7997.0,8864.0,9012.0,7989.0,8002.0,,,,,78187
2022-05-08 05:00:00,7863.0,8240.0,7829.0,8121.0,7866.0,8243.0,7832.0,8124.0,,,,,4109
2022-05-09 05:00:00,8119.0,8322.0,6884.0,7091.0,8122.0,8325.0,6887.0,7094.0,,,,,90018
2022-05-10 05:00:00,7092.0,7560.0,6479.0,7532.0,7095.0,7563.0,6482.0,7535.0,,,,,85676
2022-05-11 05:00:00,7533.0,7760.0,7367.0,7573.0,7536.0,7763.0,7370.0,7576.0,,,,,61467
2022-05-12 05:00:00,7574.0,7838.0,7306.0,7756.0,7577.0,7841.0,7309.0,7759.0,,,,,52560
2022-05-13 05:00:00,7755.0,7972.0,7573.0,7681.0,7758.0,7975.0,7576.0,7684.0,,,,,40779
2022-05-15 05:00:00,7795.0,7939.0,7795.0,7876.0,7798.0,7942.0,7798.0,7879.0,,,,,2945
2022-05-16 05:00:00,7875.0,8241.0,7737.0,8137.0,7878.0,8244.0,7740.0,8140.0,,,,,45134
2022-05-17 05:00:00,8136.0,8452.0,8088.0,8311.0,8139.0,8455.0,8091.0,8314.0,,,,,38182
2022-05-18 05:00:00,8310.0,8612.0,8133.0,8273.0,8313.0,8615.0,8136.0,8276.0,,,,,39824
2022-05-19 05:00:00,8272.0,8570.0,7976.0,8104.0,8275.0,8573.0,7979.0,8107.0,,,,,44729
2022-05-20 05:00:00,8103.0,8266.0,7920.0,8141.0,8106.0,8269.0,7923.0,8144.0,,,,,39793
2022-05-22 05:00:00,8178.0,8188.0,8106.0,8179.0,8181.0,8191.0,8109.0,8182.0,,,,,1355
2022-05-23 05:00:00,8178.0,8896.0,7941.0,8829.0,8181.0,8899.0,7944.0,8832.0,,,,,37628
2022-05-24 05:00:00,8830.0,9006.0,8682.0,8933.0,8833.0,9009.0,8685.0,8936.0,,,,,169908
2022-05-25 05:00:00,8931.0,9427.0,8801.0,9009.0,8934.0,9430.0,8804.0,9012.0,,,,,59514
2022-05-26 05:00:00,9005.0,9433.0,8627.0,8837.0,9008.0,9436.0,8630.0,8840.0,,,,,74544
2022-05-27 05:00:00,8838.0,8869.0,8286.0,8714.0,8841.0,8872.0,8289.0,8717.0,,,,,49973
2022-05-29 05:00:00,8877.0,8877.0,8697.0,8841.0,8880.0,8880.0,8700.0,8844.0,,,,,1829
2022-05-30 05:00:00,8840.0,8906.0,8582.0,8707.0,8843.0,8909.0,8585.0,8710.0,,,,,11026
2022-05-31 05:00:00,8709.0,8767.0,8120.0,8279.0,8712.0,8770.0,8123.0,8282.0,,,,,48724
2022-06-01 05:00:00,8276.0,8804.0,8146.0,8745.0,8279.0,8807.0,8149.0,8748.0,,,,,50499
2022-06-02 05:00:00,8747.0,9047.0,8339.0,8359.0,8750.0,9050.0,8342.0,8362.0,,,,,54826
2022-06-03 05:00:00,8358.0,8689.0,8264.0,8531.0,8361.0,8692.0,8267.0,8534.0,,,,,37131
2022-06-05 05:00:00,8751.0,8848.0,8730.0,8799.0,8754.0,8851.0,8733.0,8802.0,,,,,2718
2022-06-06 05:00:00,8798.0,9533.0,8777.0,9474.0,8801.0,9536.0,8780.0,9477.0,,,,,60309
2022-06-07 05:00:00,9473.0,9522.0,9197.0,9341.0,9476.0,9525.0,9200.0,9344.0,,,,,56492
2022-06-08 05:00:00,9342.0,9654.0,8100.0,8211.0,9345.0,9657.0,8103.0,8214.0,,,,,105480
2022-06-09 05:00:00,8212.0,9107.0,8023.0,8982.0,8215.0,9110.0,8026.0,8985.0,,,,,106871
2022-06-10 05:00:00,8981.0,9151.0,8628.0,8761.0,8984.0,9154.0,8631.0,8764.0,,,,,57853
2022-06-12 05:00:00,8953.0,8953.0,8561.0,8645.0,8956.0,8956.0,8564.0,8648.0,,,,,3018
2022-06-13 05:00:00,8644.0,8929.0,8391.0,8685.0,8647.0,8932.0,8394.0,8688.0,,,,,70062
2022-06-14 05:00:00,8688.0,8884.0,7010.0,7316.0,8691.0,8887.0,7013.0,7319.0,,,,,122880
2022-06-15 05:00:00,7312.0,7685.0,7228.0,7573.0,7315.0,7688.0,7231.0,7576.0,,,,,57883
2022-06-16 05:00:00,7572.0,7996.0,7314.0,7384.0,7575.0,7999.0,7317.0,7387.0,,,,,63961
2022-06-17 05:00:00,7386.0,7563.0,6861.0,6980.0,7389.0,7566.0,6864.0,6983.0,,,,,50362
2022-06-19 05:00:00,6722.0,6771.0,6627.0,6694.0,6725.0,6774.0,6630.0,6697.0,,,,,3326
2022-06-20 05:00:00,6692.0,6817.0,6611.0,6706.0,6695.0,6820.0,6614.0,6709.0,,,,,13057
2022-06-21 05:00:00,6707.0,6952.0,6536.0,6646.0,6710.0,6955.0,6539.0,6649.0,,,,,46282
2022-06-22 05:00:00,6645.0,6943.0,6557.0,6773.0,6648.0,6946.0,6560.0,6776.0,,,,,47234
2022-06-23 05:00:00,6770.0,6849.0,6218.0,6275.0,6773.0,6852.0,6221.0,6278.0,,,,,40123
2022-06-24 05:00:00,6272.0,6395.0,6062.0,6243.0,6275.0,6398.0,6065.0,6252.0,,,,,15930
2022-06-26 05:00:00,6154.0,6262.0,6063.0,6206.0,6163.0,6266.0,6069.0,6211.0,,,,,1704
2022-06-27 05:00:00,6207.0,6594.0,6092.0,6468.0,6210.0,6597.0,6095.0,6471.0,,,,,44429
2022-06-28 05:00:00,6469.0,6735.0,6465.0,6669.0,6472.0,6738.0,6468.0,6674.0,,,,,43035
2022-06-29 05:00:00,6670.0,6829.0,6404.0,6484.0,6675.0,6833.0,6407.0,6489.0,,,,,39888
2022-06-30 05:00:00,6486.0,6599.0,5358.0,5691.0,6494.0,6602.0,5363.0,5694.0,,,,,81015
2022-07-01 05:00:00,5687.0,5942.0,5612.0,5613.0,5692.0,5946.0,5618.0,5618.0,,,,,46004
2022-07-03 05:00:00,5705.0,5733.0,5671.0,5678.0,5714.0,5742.0,5677.0,5681.0,,,,,832
2022-07-04 05:00:00,5679.0,5898.0,5597.0,5825.0,5682.0,5901.0,5602.0,5828.0,,,,,6238
2022-07-05 05:00:00,5821.0,5841.0,5325.0,5565.0,5826.0,5845.0,5332.0,5570.0,,,,,51365
2022-07-06 05:00:00,5566.0,5721.0,5370.0,5533.0,5571.0,5726.0,5373.0,5536.0,,,,,35033
2022-07-07 05:00:00,5534.0,6365.0,5508.0,6166.0,5537.0,6368.0,5515.0,6169.0,,,,,55213
2022-07-08 05:00:00,6165.0,6286.0,5989.0,6042.0,6168.0,6290.0,5992.0,6045.0,,,,,44620
2022-07-10 05:00:00,6374.0,6431.0,6281.0,6298.0,6379.0,6440.0,6287.0,6303.0,,,,,3072
2022-07-11 05:00:00,6299.0,6641.0,6197.0,6456.0,6302.0,6644.0,6200.0,6461.0,,,,,46151
2022-07-12 05:00:00,6458.0,6715.0,5953.0,6211.0,6459.0,6720.0,5956.0,6216.0,,,,,54478
2022-07-13 05:00:00,6212.0,6734.0,6157.0,6589.0,6217.0,6737.0,6160.0,6594.0,,,,,54129
2022-07-14 05:00:00,6591.0,6842.0,6493.0,6628.0,6593.0,6846.0,6496.0,6633.0,,,,,52493
2022-07-15 05:00:00,6629.0,7076.0,6378.0,7069.0,6634.0,7082.0,6381.0,7078.0,,,,,45113
2022-07-17 05:00:00,7065.0,7170.0,7048.0,7061.0,7068.0,7178.0,7053.0,7066.0,,,,,1978
2022-07-18 05:00:00,7062.0,7483.0,7011.0,7341.0,7067.0,7488.0,7016.0,7346.0,,,,,43125
2022-07-19 05:00:00,7342.0,7473.0,7044.0,7146.0,7345.0,7476.0,7048.0,7151.0,,,,,45647
2022-07-20 05:00:00,7145.0,7947.0,7081.0,7755.0,7149.0,7950.0,7084.0,7760.0,,,,,54219
2022-07-21 05:00:00,7753.0,8066.0,7508.0,7737.0,7756.0,8070.0,7516.0,7746.0,,,,,44831
2022-07-22 05:00:00,7736.0,8310.0,7667.0,8205.0,7745.0,8315.0,7671.0,8210.0,,,,,27918
2022-07-24 05:00:00,8277.0,8405.0,8263.0,8293.0,8286.0,8408.0,8270.0,8298.0,,,,,2288
2022-07-25 05:00:00,8292.0,8707.0,8209.0,8654.0,8301.0,8712.0,8213.0,8659.0,,,,,36091
2022-07-26 05:00:00,8655.0,9416.0,8633.0,8757.0,8660.0,9424.0,8636.0,8766.0,,,,,63359
2022-07-27 05:00:00,8755.0,8982.0,8346.0,8580.0,8764.0,8991.0,8350.0,8585.0,,,,,49955
2022-07-28 05:00:00,8579.0,8731.0,8102.0,8128.0,8584.0,8740.0,8105.0,8133.0,,,,,43014
2022-07-29 05:00:00,8130.0,8373.0,8009.0,8283.0,8140.0,8381.0,8014.0,8292.0,,,,,35408
2022-07-31 05:00:00,7906.0,7954.0,7799.0,7902.0,7909.0,7963.0,7802.0,7907.0,,,,,2799
2022-08-01 05:00:00,7901.0,8292.0,7755.0,8137.0,7906.0,8295.0,7760.0,8146.0,,,,,43543
2022-08-02 05:00:00,8140.0,8204.0,7622.0,7713.0,8145.0,8211.0,7627.0,7718.0,,,,,47716
2022-08-03 05:00:00,7714.0,8472.0,7559.0,8246.0,7719.0,8476.0,7564.0,8251.0,,,,,58543
2022-08-04 05:00:00,8247.0,8444.0,7860.0,8155.0,8252.0,8447.0,7869.0,8160.0,,,,,47311
2022-08-05 05:00:00,8156.0,8238.0,7904.0,7990.0,8159.0,8243.0,7907.0,7999.0,,,,,47355
2022-08-07 05:00:00,7852.0,7896.0,7801.0,7885.0,7857.0,7899.0,7810.0,7888.0,,,,,1358
2022-08-08 05:00:00,7882.0,7911.0,7542.0,7658.0,7887.0,7920.0,7546.0,7667.0,,,,,45731
2022-08-09 05:00:00,7659.0,7882.0,7619.0,7810.0,7668.0,7885.0,7628.0,7815.0,,,,,36996
2022-08-10 05:00:00,7811.0,8304.0,7699.0,8258.0,7814.0,8313.0,7707.0,8261.0,,,,,46131
2022-08-11 05:00:00,8257.0,8982.0,8231.0,8705.0,8260.0,8987.0,8239.0,8710.0,,,,,62204
2022-08-12 05:00:00,8706.0,8906.0,8512.0,8765.0,8709.0,8911.0,8517.0,8774.0,,,,,33067
2022-08-14 05:00:00,8649.0,8739.0,8598.0,8611.0,8658.0,8744.0,8603.0,8616.0,,,,,1272
2022-08-15 05:00:00,8613.0,8917.0,8391.0,8816.0,8615.0,8920.0,8394.0,8821.0,,,,,37164
2022-08-16 05:00:00,8817.0,9462.0,8800.0,9423.0,8826.0,9469.0,8806.0,9428.0,,,,,50513
2022-08-17 05:00:00,9422.0,9649.0,9108.0,9209.0,9432.0,9658.0,9113.0,9218.0,,,,,42271
2022-08-18 05:00:00,9211.0,9631.0,8911.0,9154.0,9214.0,9637.0,8916.0,9163.0,,,,,48728
2022-08-19 05:00:00,9156.0,9370.0,8862.0,9260.0,9161.0,9375.0,8867.0,9269.0,,,,,34407
2022-08-21 05:00:00,9161.0,9237.0,9141.0,9184.0,9164.0,9243.0,9146.0,9189.0,,,,,1406
2022-08-22 05:00:00,9183.0,9952.0,9159.0,9853.0,9188.0,9957.0,9164.0,9858.0,,,,,45690
2022-08-23 05:00:00,9851.0,9973.0,9023.0,9243.0,9860.0,9982.0,9028.0,9252.0,,,,,56453
2022-08-24 05:00:00,9246.0,9410.0,9068.0,9226.0,9251.0,9415.0,9071.0,9235.0,,,,,28069
2022-08-25 05:00:00,9225.0,9561.0,9149.0,9542.0,9234.0,9565.0,9154.0,9551.0,,,,,17312
2022-08-26 05:00:00,9544.0,9640.0,9161.0,9308.0,9553.0,9643.0,9166.0,9317.0,,,,,17293
2022-08-28 05:00:00,9604.0,9674.0,9455.0,9483.0,9607.0,9683.0,9460.0,9488.0,,,,,2378
2022-08-29 05:00:00,9482.0,9549.0,8982.0,9161.0,9485.0,9552.0,8987.0,9166.0,,,,,40350
2022-08-30 05:00:00,9160.0,9289.0,8886.0,9028.0,9165.0,9294.0,8889.0,9031.0,,,,,37412
2022-08-31 05:00:00,9027.0,9287.0,8820.0,9145.0,9030.0,9290.0,8823.0,9148.0,,,,,43140
2022-09-01 05:00:00,9146.0,9391.0,9017.0,9208.0,9151.0,9395.0,9020.0,9211.0,,,,,43688
2022-09-02 05:00:00,9207.0,9248.0,8628.0,8901.0,9210.0,9252.0,8632.0,8910.0,,,,,45362
2022-09-04 05:00:00,9040.0,9132.0,8953.0,8985.0,9049.0,9136.0,8956.0,8988.0,,,,,2401
2022-09-05 05:00:00,8984.0,9006.0,8655.0,8698.0,8987.0,9012.0,8658.0,8703.0,,,,,10242
2022-09-06 05:00:00,8702.0,8848.0,7847.0,7990.0,8705.0,8852.0,7852.0,7993.0,,,,,57373
2022-09-07 05:00:00,7987.0,8308.0,7774.0,7887.0,7992.0,8317.0,7779.0,7892.0,,,,,57300
2022-09-08 05:00:00,7886.0,8111.0,7793.0,8099.0,7891.0,8120.0,7796.0,8104.0,,,,,50750
2022-09-09 05:00:00,8100.0,8223.0,7913.0,8057.0,8103.0,8226.0,7916.0,8060.0,,,,,40378
2022-09-11 05:00:00,8053.0,8170.0,8047.0,8082.0,8062.0,8173.0,8056.0,8087.0,,,,,1108
2022-09-12 05:00:00,8080.0,8463.0,7881.0,8435.0,8085.0,8472.0,7887.0,8440.0,,,,,42636
2022-09-13 05:00:00,8437.0,8507.0,8184.0,8412.0,8441.0,8516.0,8188.0,8417.0,,,,,46664
2022-09-14 05:00:00,8418.0,9253.0,8352.0,9091.0,8423.0,9259.0,8357.0,9096.0,,,,,55205
2022-09-15 05:00:00,9093.0,9096.0,8241.0,8324.0,9098.0,9099.0,8244.0,8329.0,,,,,56996
2022-09-16 05:00:00,8323.0,8346.0,7749.0,7837.0,8328.0,8351.0,7752.0,7846.0,,,,,42433
2022-09-18 05:00:00,7746.0,7755.0,7554.0,7620.0,7755.0,7764.0,7562.0,7623.0,,,,,2739
2022-09-19 05:00:00,7619.0,7951.0,7438.0,7878.0,7622.0,7956.0,7441.0,7883.0,,,,,38941
2022-09-20 05:00:00,7879.0,8022.0,7686.0,7823.0,7882.0,8028.0,7691.0,7826.0,,,,,37943
2022-09-21 05:00:00,7821.0,8166.0,7609.0,7762.0,7827.0,8170.0,7612.0,7768.0,,,,,46150
2022-09-22 05:00:00,7761.0,7811.0,7148.0,7316.0,7767.0,7817.0,7153.0,7322.0,,,,,61258
2022-09-23 05:00:00,7318.0,7358.0,6845.0,6978.0,7321.0,7362.0,6851.0,6987.0,,,,,35972
2022-09-25 05:00:00,7018.0,7108.0,6949.0,7061.0,7027.0,7115.0,6958.0,7067.0,,,,,1679
2022-09-26 05:00:00,7059.0,7164.0,6684.0,7144.0,7064.0,7170.0,6689.0,7153.0,,,,,37495
2022-09-27 05:00:00,7147.0,7234.0,6740.0,6864.0,7152.0,7240.0,6743.0,6870.0,,,,,54501
2022-09-28 05:00:00,6866.0,7091.0,6566.0,7052.0,6869.0,7095.0,6570.0,7058.0,,,,,48095
2022-09-29 05:00:00,7051.0,7146.0,6628.0,6871.0,7057.0,7150.0,6634.0,6877.0,,,,,44475
2022-09-30 05:00:00,6870.0,7066.0,6730.0,6845.0,6876.0,7069.0,6736.0,6854.0,,,,,47438
2022-10-02 05:00:00,6841.0,6873.0,6687.0,6719.0,6850.0,6882.0,6693.0,6722.0,,,,,1528
2022-10-03 05:00:00,6717.0,6789.0,6366.0,6546.0,6720.0,6795.0,6370.0,6552.0,,,,,48875
2022-10-04 05:00:00,6548.0,6962.0,6393.0,6859.0,6551.0,6966.0,6402.0,6868.0,,,,,57100
2022-10-05 05:00:00,6862.0,7107.0,6717.0,7036.0,6866.0,7110.0,6723.0,7042.0,,,,,40406
2022-10-06 05:00:00,7037.0,7259.0,6909.0,6925.0,7043.0,7264.0,6918.0,6931.0,,,,,53437
2022-10-07 05:00:00,6926.0,7024.0,6708.0,6713.0,6932.0,7027.0,6713.0,6716.0,,,,,50147
2022-10-09 05:00:00,6758.0,6829.0,6731.0,6812.0,6764.0,6833.0,6740.0,6818.0,,,,,1009
2022-10-10 05:00:00,6813.0,7027.0,6564.0,6695.0,6819.0,7031.0,6567.0,6701.0,,,,,47936
2022-10-11 05:00:00,6697.0,6823.0,6529.0,6744.0,6700.0,6826.0,6535.0,6750.0,,,,,45182
2022-10-12 05:00:00,6743.0,6961.0,6567.0,6626.0,6749.0,6967.0,6570.0,6632.0,,,,,48262
2022-10-13 05:00:00,6627.0,6942.0,6518.0,6873.0,6633.0,6947.0,6524.0,6882.0,,,,,56574
2022-10-14 05:00:00,6872.0,6895.0,6618.0,6693.0,6881.0,6900.0,6622.0,6702.0,,,,,47311
2022-10-16 05:00:00,6534.0,6587.0,6494.0,6568.0,6537.0,6591.0,6500.0,6571.0,,,,,2487
2022-10-17 05:00:00,6567.0,6588.0,6223.0,6252.0,6573.0,6591.0,6229.0,6261.0,,,,,55230
2022-10-18 05:00:00,6251.0,6400.0,6014.0,6107.0,6258.0,6405.0,6017.0,6113.0,,,,,46946
2022-10-19 05:00:00,6110.0,6138.0,5778.0,5895.0,6111.0,6144.0,5782.0,5898.0,,,,,46883
2022-10-20 05:00:00,5896.0,5927.0,5630.0,5716.0,5899.0,5933.0,5633.0,5722.0,,,,,47037
2022-10-21 05:00:00,5718.0,5722.0,5304.0,5426.0,5721.0,5728.0,5308.0,5429.0,,,,,40277
2022-10-23 05:00:00,5411.0,5491.0,5360.0,5366.0,5414.0,5500.0,5366.0,5369.0,,,,,1539
2022-10-24 05:00:00,5364.0,5795.0,5294.0,5764.0,5370.0,5800.0,5299.0,5770.0,,,,,35533
2022-10-25 05:00:00,5763.0,6257.0,5696.0,6216.0,5769.0,6261.0,5699.0,6222.0,,,,,45159
2022-10-26 05:00:00,6217.0,6249.0,5820.0,6174.0,6220.0,6253.0,5825.0,6180.0,,,,,50909
2022-10-27 05:00:00,6175.0,6196.0,5715.0,5782.0,6181.0,6201.0,5718.0,5791.0,,,,,57062
2022-10-28 05:00:00,5784.0,5874.0,5562.0,5806.0,5790.0,5882.0,5565.0,5815.0,,,,,43164
2022-10-30 04:00:00,5862.0,6087.0,5852.0,6025.0,5865.0,6092.0,5858.0,6028.0,,,,,3664
2022-10-31 04:00:00,6023.0,6425.0,6018.0,6293.0,6029.0,6431.0,6022.0,6299.0,,,,,60326
2022-11-01 04:00:00,6294.0,6321.0,5684.0,5895.0,6300.0,6325.0,5689.0,5901.0,,,,,66488
2022-11-02 04:00:00,5896.0,6367.0,5859.0,6213.0,5902.0,6372.0,5862.0,6216.0,,,,,51992
2022-11-03 04:00:00,6212.0,6244.0,5962.0,6038.0,6218.0,6249.0,5965.0,6041.0,,,,,48482
2022-11-04 04:00:00,6036.0,6607.0,6009.0,6560.0,6042.0,6612.0,6014.0,6569.0,,,,,50732
2022-11-06 04:00:00,7077.0,7137.0,6999.0,7068.0,7080.0,7142.0,7004.0,7071.0,,,,,8183
2022-11-07 05:00:00,7067.0,7322.0,6698.0,6801.0,7073.0,7325.0,6706.0,6807.0,,,,,73350
2022-11-08 05:00:00,6802.0,6829.0,6221.0,6365.0,6805.0,6838.0,6224.0,6374.0,,,,,67104
2022-11-09 05:00:00,6367.0,6499.0,5897.0,6081.0,6376.0,6504.0,5900.0,6087.0,,,,,59964
2022-11-10 05:00:00,6082.0,6434.0,5932.0,6270.0,6088.0,6437.0,5938.0,6276.0,,,,,48164
2022-11-11 05:00:00,6271.0,6673.0,5969.0,6101.0,6277.0,6678.0,5975.0,6110.0,,,,,48522
2022-11-13 05:00:00,6308.0,6399.0,6204.0,6254.0,6314.0,6402.0,6208.0,6260.0,,,,,1908
2022-11-14 05:00:00,6253.0,6600.0,6109.0,6287.0,6259.0,6604.0,6113.0,6290.0,,,,,54457
2022-11-15 05:00:00,6286.0,6399.0,6054.0,6307.0,6289.0,6406.0,6058.0,6313.0,,,,,40461
2022-11-16 05:00:00,6308.0,6552.0,5988.0,6450.0,6314.0,6559.0,5994.0,6456.0,,,,,52295
2022-11-17 05:00:00,6449.0,6791.0,6420.0,6603.0,6455.0,6795.0,6426.0,6606.0,,,,,52067
2022-11-18 05:00:00,6602.0,6724.0,6312.0,6671.0,6608.0,6729.0,6316.0,6677.0,,,,,46080
2022-11-20 05:00:00,6654.0,6655.0,6509.0,6530.0,6660.0,6664.0,6514.0,6536.0,,,,,1816
2022-11-21 05:00:00,6531.0,7187.0,6481.0,6972.0,6537.0,7191.0,6484.0,6975.0,,,,,49118
2022-11-22 05:00:00,6971.0,7489.0,6820.0,7463.0,6974.0,7496.0,6825.0,7472.0,,,,,36651
2022-11-23 05:00:00,7465.0,8093.0,7462.0,7521.0,7471.0,8099.0,7468.0,7530.0,,,,,33009
2022-11-24 05:00:00,7518.0,7758.0,7459.0,7508.0,7527.0,7766.0,7465.0,7517.0,,,,,2301
2022-11-25 05:00:00,7507.0,7720.0,7172.0,7189.0,7516.0,7723.0,7179.0,7198.0,,,,,15958
2022-11-27 05:00:00,7306.0,7365.0,7247.0,7282.0,7315.0,7371.0,7254.0,7285.0,,,,,2971
2022-11-28 05:00:00,7284.0,7379.0,6927.0,7272.0,7290.0,7383.0,6933.0,7278.0,,,,,47516
2022-11-29 05:00:00,7276.0,7404.0,7046.0,7122.0,7279.0,7409.0,7052.0,7128.0,,,,,49980
2022-11-30 05:00:00,7121.0,7290.0,6797.0,6968.0,7127.0,7294.0,6803.0,6974.0,,,,,49005
2022-12-01 05:00:00,6967.0,7194.0,6653.0,6674.0,6970.0,7197.0,6656.0,6683.0,,,,,45106
2022-12-02 05:00:00,6675.0,6744.0,6202.0,6205.0,6681.0,6748.0,6207.0,6214.0,,,,,52268
2022-12-04 05:00:00,5874.0,5899.0,5764.0,5802.0,5877.0,5904.0,5770.0,5808.0,,,,,6322
2022-12-05 05:00:00,5803.0,6023.0,5537.0,5594.0,5809.0,6028.0,5540.0,5597.0,,,,,70345
2022-12-06 05:00:00,5591.0,5647.0,5317.0,5544.0,5598.0,5652.0,5322.0,5550.0,,,,,58150
2022-12-07 05:00:00,5545.0,5899.0,5369.0,5848.0,5551.0,5903.0,5372.0,5854.0,,,,,70074
2022-12-08 05:00:00,5847.0,6102.0,5727.0,5816.0,5853.0,6106.0,5732.0,5822.0,,,,,59481
2022-12-09 05:00:00,5814.0,6312.0,5749.0,6238.0,5823.0,6315.0,5755.0,6241.0,,,,,60591
2022-12-11 05:00:00,6862.0,6884.0,6694.0,6754.0,6865.0,6890.0,6697.0,6757.0,,,,,7831
2022-12-12 05:00:00,6753.0,6933.0,6403.0,6557.0,6759.0,6939.0,6407.0,6563.0,,,,,66900
2022-12-13 05:00:00,6558.0,6975.0,6557.0,6670.0,6564.0,6979.0,6562.0,6679.0,,,,,74149
2022-12-14 05:00:00,6671.0,6674.0,6229.0,6409.0,6680.0,6680.0,6232.0,6415.0,,,,,64070
2022-12-15 05:00:00,6410.0,6802.0,6243.0,6489.0,6416.0,6807.0,6247.0,6495.0,,,,,65037
2022-12-16 05:00:00,6488.0,6546.0,6056.0,6415.0,6494.0,6550.0,6059.0,6421.0,,,,,51001
2022-12-18 05:00:00,5987.0,6094.0,5982.0,6007.0,5993.0,6099.0,5987.0,6013.0,,,,,3592
2022-12-19 05:00:00,6006.0,6135.0,5669.0,5761.0,6012.0,6142.0,5673.0,5767.0,,,,,54401
2022-12-20 05:00:00,5759.0,5797.0,5187.0,5389.0,5765.0,5802.0,5192.0,5395.0,,,,,56642
2022-12-21 05:00:00,5391.0,5536.0,5194.0,5466.0,5394.0,5544.0,5197.0,5469.0,,,,,41678
2022-12-22 05:00:00,5465.0,5504.0,4925.0,5085.0,5471.0,5510.0,4928.0,5091.0,,,,,44551
2022-12-23 05:00:00,5086.0,5149.0,4785.0,5027.0,5088.0,5155.0,4791.0,5036.0,,,,,37102
2022-12-26 05:00:00,5226.0,5234.0,5040.0,5150.0,5235.0,5243.0,5043.0,5156.0,,,,,4022
2022-12-27 05:00:00,5149.0,5164.0,4798.0,4907.0,5155.0,5170.0,4804.0,4913.0,,,,,36514
2022-12-28 05:00:00,4908.0,4960.0,4453.0,4708.0,4914.0,4964.0,4456.0,4714.0,,,,,50981
2022-12-29 05:00:00,4709.0,4751.0,4399.0,4435.0,4715.0,4759.0,4403.0,4441.0,,,,,39266
2022-12-30 05:00:00,4436.0,4572.0,4346.0,4396.0,4445.0,4577.0,4349.0,4405.0,,,,,28854
2023-01-02 05:00:00,4231.0,4231.0,4004.0,4057.0,4240.0,4240.0,4012.0,4063.0,,,,,5596
2023-01-03 05:00:00,4059.0,4080.0,3837.0,3874.0,4065.0,4084.0,3840.0,3880.0,,,,,49548
2023-01-04 05:00:00,3873.0,4113.0,3829.0,3988.0,3879.0,4116.0,3832.0,3994.0,,,,,45248
2023-01-05 05:00:00,3987.0,4043.0,3584.0,3680.0,3993.0,4047.0,3587.0,3686.0,,,,,51600
2023-01-06 05:00:00,3679.0,3716.0,3446.0,3657.0,3685.0,3720.0,3455.0,3666.0,,,,,47503
2023-01-08 05:00:00,3674.0,3714.0,3648.0,3661.0,3680.0,3720.0,3654.0,3667.0,,,,,3588
2023-01-09 05:00:00,3663.0,3947.0,3645.0,3688.0,3669.0,3952.0,3648.0,3694.0,,,,,51015
2023-01-10 05:00:00,3687.0,3702.0,3417.0,3457.0,3691.0,3706.0,3424.0,3463.0,,,,,48245
2023-01-11 05:00:00,3455.0,3601.0,3281.0,3466.0,3460.0,3605.0,3285.0,3469.0,,,,,52716
2023-01-12 05:00:00,3467.0,3741.0,3462.0,3497.0,3470.0,3744.0,3468.0,3500.0,,,,,52936
2023-01-13 05:00:00,3498.0,3553.0,3265.0,3339.0,3501.0,3557.0,3268.0,3342.0,,,,,47828
2023-01-15 05:00:00,3383.0,3420.0,3369.0,3401.0,3389.0,3424.0,3375.0,3407.0,,,,,2418
2023-01-16 05:00:00,3403.0,3514.0,3382.0,3499.0,3406.0,3518.0,3385.0,3502.0,,,,,16430
2023-01-17 05:00:00,3500.0,3548.0,3335.0,3413.0,3503.0,3552.0,3338.0,3416.0,,,,,50451
2023-01-18 05:00:00,3415.0,3419.0,3136.0,3154.0,3418.0,3422.0,3141.0,3157.0,,,,,56628
2023-01-19 05:00:00,3152.0,3246.0,3086.0,3099.0,3158.0,3250.0,3093.0,3102.0,,,,,48488
2023-01-20 05:00:00,3097.0,3230.0,3006.0,3046.0,3103.0,3233.0,3010.0,3049.0,,,,,47178
2023-01-22 05:00:00,3219.0,3230.0,3111.0,3170.0,3225.0,3235.0,3116.0,3173.0,,,,,6127
2023-01-23 05:00:00,3169.0,3282.0,3018.0,3225.0,3175.0,3286.0,3022.0,3231.0,,,,,56812
2023-01-24 05:00:00,3227.0,3320.0,3014.0,3016.0,3230.0,3325.0,3018.0,3019.0,,,,,33742
2023-01-25 05:00:00,3017.0,3042.0,2773.0,2800.0,3020.0,3045.0,2777.0,2806.0,,,,,70246
2023-01-26 05:00:00,2802.0,2879.0,2684.0,2875.0,2805.0,2882.0,2687.0,2878.0,,,,,82667
2023-01-27 05:00:00,2876.0,2906.0,2750.0,2856.0,2879.0,2909.0,2754.0,2859.0,,,,,59328
2023-01-29 05:00:00,2700.0,2708.0,2637.0,2680.0,2703.0,2712.0,2640.0,2683.0,,,,,6172
2023-01-30 05:00:00,2679.0,2775.0,2644.0,2691.0,2682.0,2778.0,2647.0,2694.0,,,,,64879
2023-01-31 05:00:00,2692.0,2788.0,2622.0,2781.0,2695.0,2792.0,2625.0,2784.0,,,,,67542
2023-02-01 05:00:00,2782.0,2784.0,2476.0,2507.0,2785.0,2787.0,2479.0,2510.0,,,,,86828
2023-02-02 05:00:00,2505.0,2607.0,2446.0,2455.0,2508.0,2610.0,2449.0,2458.0,,,,,71500
2023-02-03 05:00:00,2456.0,2531.0,2361.0,2405.0,2459.0,2534.0,2364.0,2411.0,,,,,65644
2023-02-05 05:00:00,2443.0,2482.0,2437.0,2472.0,2449.0,2485.0,2441.0,2475.0,,,,,2733
2023-02-06 05:00:00,2473.0,2529.0,2398.0,2506.0,2476.0,2532.0,2401.0,2509.0,,,,,60000
2023-02-07 05:00:00,2505.0,2644.0,2455.0,2622.0,2508.0,2647.0,2458.0,2625.0,,,,,88988
2023-02-08 05:00:00,2621.0,2689.0,2404.0,2459.0,2624.0,2693.0,2407.0,2462.0,,,,,81232
2023-02-09 05:00:00,2458.0,2552.0,2392.0,2469.0,2461.0,2555.0,2395.0,2472.0,,,,,94158
2023-02-10 05:00:00,2470.0,2630.0,2442.0,2622.0,2473.0,2633.0,2446.0,2628.0,,,,,84710
2023-02-12 05:00:00,2621.0,2655.0,2571.0,2575.0,2627.0,2659.0,2575.0,2578.0,,,,,3562
2023-02-13 05:00:00,2576.0,2629.0,2439.0,2498.0,2579.0,2632.0,2442.0,2501.0,,,,,97234
2023-02-14 05:00:00,2496.0,2669.0,2484.0,2612.0,2502.0,2672.0,2487.0,2615.0,,,,,80036
2023-02-15 05:00:00,2611.0,2637.0,2496.0,2541.0,2614.0,2640.0,2500.0,2544.0,,,,,68576
2023-02-16 05:00:00,2543.0,2610.0,2432.0,2478.0,2546.0,2613.0,2435.0,2481.0,,,,,66225
2023-02-17 05:00:00,2475.0,2480.0,2284.0,2323.0,2480.0,2483.0,2287.0,2329.0,,,,,65711
